{
"type": "FeatureCollection",
"name": "juky15",
"features": [
{ "type": "Feature", "properties": { "Id": 5959, "gridcode": 0, "Shape_Leng": 283373.01826699998, "Shape_Area": 25899561.415899999 }, "geometry": { "type": "MultiPolygon", "coordinates": [ [ [ [ 6.7748892, 7.7504391 ], [ 6.7748883, 7.7506199 ], [ 6.7745979, 7.750762 ], [ 6.7745258, 7.750618 ], [ 6.7745268, 7.7504372 ], [ 6.7743455, 7.7504363 ], [ 6.773738, 7.7493574 ], [ 6.7736281, 7.7489863 ], [ 6.7736291, 7.7488115 ], [ 6.7745528, 7.7488135 ], [ 6.7746088, 7.7489176 ], [ 6.7748949, 7.7493545 ], [ 6.774894, 7.7495353 ], [ 6.7750752, 7.7495362 ], [ 6.7754349, 7.7500804 ], [ 6.7754339, 7.7502612 ], [ 6.7756152, 7.7502621 ], [ 6.7760767, 7.7508857 ], [ 6.7761542, 7.7511689 ], [ 6.7761532, 7.7513496 ], [ 6.7763344, 7.7513506 ], [ 6.7763335, 7.7515314 ], [ 6.7765147, 7.7515323 ], [ 6.7771835, 7.7532321 ], [ 6.7771038, 7.753751 ], [ 6.7772264, 7.754067 ], [ 6.7772255, 7.7542477 ], [ 6.7774067, 7.7542487 ], [ 6.7774058, 7.7544295 ], [ 6.7774048, 7.7546102 ], [ 6.7775861, 7.7546112 ], [ 6.7775842, 7.7549727 ], [ 6.7775832, 7.7551535 ], [ 6.7777645, 7.7551545 ], [ 6.777702, 7.755455 ], [ 6.7775804, 7.7556958 ], [ 6.7775794, 7.7558766 ], [ 6.7777607, 7.7558776 ], [ 6.77782, 7.7561787 ], [ 6.7779391, 7.7564208 ], [ 6.7777903, 7.7567155 ], [ 6.7781184, 7.7567833 ], [ 6.7781175, 7.7569641 ], [ 6.7781165, 7.7571449 ], [ 6.7782978, 7.7571458 ], [ 6.7782968, 7.7573266 ], [ 6.7784781, 7.7573276 ], [ 6.7784771, 7.7575083 ], [ 6.7782619, 7.7576549 ], [ 6.7780381, 7.7579745 ], [ 6.7777727, 7.7581208 ], [ 6.7775718, 7.7573228 ], [ 6.7775728, 7.7571421 ], [ 6.7773915, 7.7571411 ], [ 6.7772141, 7.7564171 ], [ 6.777216, 7.7560555 ], [ 6.7770347, 7.7560546 ], [ 6.7769157, 7.7558124 ], [ 6.776797, 7.7552101 ], [ 6.7765589, 7.7547259 ], [ 6.7765005, 7.754244 ], [ 6.7765015, 7.7540632 ], [ 6.7763202, 7.7540622 ], [ 6.7763221, 7.7537007 ], [ 6.7763231, 7.7535199 ], [ 6.7761418, 7.753519 ], [ 6.7759585, 7.7527908 ], [ 6.7756047, 7.7522507 ], [ 6.7756057, 7.7520699 ], [ 6.7758595, 7.7518904 ], [ 6.7756076, 7.7517084 ], [ 6.7756085, 7.7515276 ], [ 6.7756095, 7.7513468 ], [ 6.7754282, 7.7513459 ], [ 6.7754301, 7.7509843 ], [ 6.7752489, 7.7509834 ], [ 6.7752498, 7.7508026 ], [ 6.7750686, 7.7508016 ], [ 6.7750705, 7.7504401 ], [ 6.7748892, 7.7504391 ], [ 6.7748284, 7.7502184 ], [ 6.7746686, 7.7503761 ], [ 6.7748892, 7.7504391 ] ] ], [ [ [ 6.72196, 7.7704847 ], [ 6.7221158, 7.7708704 ], [ 6.7223393, 7.7710443 ], [ 6.7219328, 7.7712077 ], [ 6.7216573, 7.7715597 ], [ 6.7216587, 7.7709077 ], [ 6.7219189, 7.7708481 ], [ 6.7216592, 7.7706866 ], [ 6.7216599, 7.7703623 ], [ 6.72196, 7.7704847 ] ] ], [ [ [ 6.7225022, 7.7854131 ], [ 6.7223209, 7.7854122 ], [ 6.7223219, 7.7852314 ], [ 6.7221406, 7.7852304 ], [ 6.7221416, 7.7850496 ], [ 6.7219604, 7.7850487 ], [ 6.721871, 7.7848167 ], [ 6.7217791, 7.7850477 ], [ 6.7217057, 7.7851906 ], [ 6.7216273, 7.7851519 ], [ 6.7216296, 7.7841052 ], [ 6.721784, 7.7841439 ], [ 6.721783, 7.7843246 ], [ 6.7219643, 7.7843256 ], [ 6.7219633, 7.7845064 ], [ 6.7221445, 7.7845073 ], [ 6.7221436, 7.7846881 ], [ 6.7225061, 7.7846901 ], [ 6.7225051, 7.7848708 ], [ 6.7226863, 7.7848718 ], [ 6.7226844, 7.7852333 ], [ 6.7225031, 7.7852324 ], [ 6.7225022, 7.7854131 ] ] ], [ [ [ 6.8013481, 7.8392775 ], [ 6.8013365, 7.8390661 ], [ 6.8015427, 7.8386925 ], [ 6.8009865, 7.8387226 ], [ 6.8011586, 7.8385218 ], [ 6.8018986, 7.8382982 ], [ 6.8026127, 7.8378063 ], [ 6.8033798, 7.83746 ], [ 6.8033789, 7.8378771 ], [ 6.8031705, 7.8380418 ], [ 6.8033775, 7.8384645 ], [ 6.8033761, 7.8390938 ], [ 6.8020683, 7.8392603 ], [ 6.8018851, 7.8392484 ], [ 6.8013481, 7.8392775 ] ], [ [ 6.8020865, 7.8388522 ], [ 6.8021613, 7.8384417 ], [ 6.8019251, 7.838541 ], [ 6.8020865, 7.8388522 ] ], [ [ 6.8025595, 7.8386827 ], [ 6.802943, 7.8387705 ], [ 6.8029971, 7.8385357 ], [ 6.8028883, 7.8380839 ], [ 6.8026619, 7.8382381 ], [ 6.8025595, 7.8386827 ] ] ], [ [ [ 6.7945102, 7.840268 ], [ 6.7941466, 7.8402672 ], [ 6.793994, 7.8402068 ], [ 6.7940735, 7.8401052 ], [ 6.794503, 7.8397782 ], [ 6.7942465, 7.8395786 ], [ 6.7946541, 7.8390364 ], [ 6.79436, 7.8385445 ], [ 6.79465, 7.8383237 ], [ 6.7952772, 7.8375018 ], [ 6.7953848, 7.8374285 ], [ 6.7956565, 7.8367161 ], [ 6.7959335, 7.8365275 ], [ 6.7960827, 7.8363144 ], [ 6.7963386, 7.8361681 ], [ 6.7962384, 7.8366029 ], [ 6.7962981, 7.8368752 ], [ 6.7961846, 7.8373258 ], [ 6.7956407, 7.8373229 ], [ 6.7956398, 7.8375037 ], [ 6.7956388, 7.8376845 ], [ 6.795721, 7.8383228 ], [ 6.7959391, 7.8386753 ], [ 6.7963838, 7.8381842 ], [ 6.7973537, 7.8381111 ], [ 6.7965919, 7.8390809 ], [ 6.795727, 7.8390249 ], [ 6.7955447, 7.8392263 ], [ 6.7951822, 7.8392029 ], [ 6.7947892, 7.8396368 ], [ 6.7948171, 7.8401473 ], [ 6.795359, 7.8401179 ], [ 6.7954052, 7.8402699 ], [ 6.7947025, 7.8402684 ], [ 6.7947191, 7.8402106 ], [ 6.7945102, 7.840268 ] ] ], [ [ [ 6.7887424, 7.8390946 ], [ 6.7889237, 7.8390955 ], [ 6.7889228, 7.8392763 ], [ 6.7891041, 7.8392773 ], [ 6.7891031, 7.8394581 ], [ 6.7892844, 7.839459 ], [ 6.7891613, 7.8396985 ], [ 6.7887992, 7.8398788 ], [ 6.7887377, 7.8399985 ], [ 6.7886349, 7.8400767 ], [ 6.7885686, 7.8402552 ], [ 6.7872498, 7.8402524 ], [ 6.7876394, 7.8399871 ], [ 6.7875216, 7.8394497 ], [ 6.7876217, 7.8390149 ], [ 6.7873658, 7.8391612 ], [ 6.7872166, 7.8393743 ], [ 6.787109, 7.8394476 ], [ 6.7872124, 7.8388172 ], [ 6.7871833, 7.8385173 ], [ 6.7872598, 7.8381009 ], [ 6.7876883, 7.8386209 ], [ 6.7879856, 7.8379471 ], [ 6.7886003, 7.8377463 ], [ 6.7882024, 7.8383686 ], [ 6.7882015, 7.8385494 ], [ 6.7883827, 7.8385504 ], [ 6.7883818, 7.8387311 ], [ 6.7887444, 7.838733 ], [ 6.7887424, 7.8390946 ] ] ], [ [ [ 6.7759338, 7.8272764 ], [ 6.776115, 7.8272774 ], [ 6.7762149, 7.8277269 ], [ 6.7761019, 7.8285953 ], [ 6.7766372, 7.827936 ], [ 6.7769346, 7.8284468 ], [ 6.7771127, 7.8288744 ], [ 6.7778192, 7.8287905 ], [ 6.7776568, 7.8290129 ], [ 6.7771257, 7.8294325 ], [ 6.7770698, 7.8298618 ], [ 6.7776339, 7.8295351 ], [ 6.7779163, 7.8294562 ], [ 6.7780588, 7.8297459 ], [ 6.777723, 7.8299131 ], [ 6.7781532, 7.8300605 ], [ 6.7783504, 7.8296768 ], [ 6.7785491, 7.8297749 ], [ 6.7788946, 7.8296089 ], [ 6.7790021, 7.8298235 ], [ 6.7790011, 7.8300043 ], [ 6.7789982, 7.8305466 ], [ 6.7791795, 7.8305476 ], [ 6.7791776, 7.8309091 ], [ 6.7793589, 7.8309101 ], [ 6.7796562, 7.831258 ], [ 6.780623, 7.8318206 ], [ 6.7806221, 7.8320014 ], [ 6.7808034, 7.8320024 ], [ 6.7809846, 7.8320033 ], [ 6.7809837, 7.8321841 ], [ 6.781165, 7.8321851 ], [ 6.7815275, 7.832187 ], [ 6.7815266, 7.8323677 ], [ 6.7817078, 7.8323687 ], [ 6.7818891, 7.8323696 ], [ 6.7818882, 7.8325504 ], [ 6.7820694, 7.8325514 ], [ 6.7822507, 7.8325523 ], [ 6.7822498, 7.8327331 ], [ 6.782431, 7.8327341 ], [ 6.7828879, 7.8330026 ], [ 6.7844165, 7.8343715 ], [ 6.7844156, 7.8345523 ], [ 6.7845968, 7.8345533 ], [ 6.7845959, 7.834734 ], [ 6.7844579, 7.835057 ], [ 6.7853075, 7.8356486 ], [ 6.7850084, 7.8361013 ], [ 6.7853648, 7.8362582 ], [ 6.7855949, 7.8356548 ], [ 6.7857486, 7.836662 ], [ 6.785949, 7.8366183 ], [ 6.7862909, 7.8367365 ], [ 6.7857556, 7.8371009 ], [ 6.785592, 7.8380543 ], [ 6.7859571, 7.8386199 ], [ 6.7858863, 7.8389276 ], [ 6.7866727, 7.838603 ], [ 6.7868226, 7.8390512 ], [ 6.786463, 7.8389688 ], [ 6.7863102, 7.8393695 ], [ 6.7860708, 7.8395325 ], [ 6.7863085, 7.839698 ], [ 6.7864657, 7.8399277 ], [ 6.7869267, 7.8396274 ], [ 6.7868512, 7.8399147 ], [ 6.786629, 7.840251 ], [ 6.7803833, 7.8402375 ], [ 6.7796303, 7.8388673 ], [ 6.7782004, 7.8371945 ], [ 6.7765294, 7.8358751 ], [ 6.7768536, 7.83658 ], [ 6.7769716, 7.8366825 ], [ 6.7769706, 7.8368632 ], [ 6.7769696, 7.837044 ], [ 6.7769687, 7.8372248 ], [ 6.77715, 7.8372257 ], [ 6.777149, 7.8374065 ], [ 6.777148, 7.8375873 ], [ 6.7773293, 7.8375883 ], [ 6.7773274, 7.8379498 ], [ 6.7773264, 7.8381306 ], [ 6.7775077, 7.8381315 ], [ 6.7775068, 7.8383123 ], [ 6.7776881, 7.8383133 ], [ 6.7776871, 7.838494 ], [ 6.7776861, 7.8386748 ], [ 6.7778674, 7.8386758 ], [ 6.7782887, 7.8401753 ], [ 6.7783549, 7.8402331 ], [ 6.776488, 7.840229 ], [ 6.7762238, 7.8398431 ], [ 6.7758676, 7.8397499 ], [ 6.7756882, 7.8393874 ], [ 6.7756892, 7.8392066 ], [ 6.7755079, 7.8392057 ], [ 6.7755088, 7.8390249 ], [ 6.7754644, 7.8387091 ], [ 6.7751288, 7.8385929 ], [ 6.7755442, 7.8381783 ], [ 6.7751511, 7.8381191 ], [ 6.7753326, 7.8376658 ], [ 6.7739644, 7.8374917 ], [ 6.7738075, 7.8372868 ], [ 6.7733668, 7.8369438 ], [ 6.7734864, 7.8361651 ], [ 6.772948, 7.8364851 ], [ 6.7728316, 7.8356699 ], [ 6.7736126, 7.8354574 ], [ 6.7734526, 7.8352934 ], [ 6.7729789, 7.8353606 ], [ 6.7723717, 7.8345676 ], [ 6.7722698, 7.8344883 ], [ 6.7722708, 7.8343075 ], [ 6.7720895, 7.8343065 ], [ 6.7720924, 7.8337642 ], [ 6.7719111, 7.8337632 ], [ 6.7716543, 7.8331175 ], [ 6.7715524, 7.8330382 ], [ 6.7712996, 7.8325684 ], [ 6.770544, 7.8320552 ], [ 6.7702501, 7.8316258 ], [ 6.7699295, 7.8314026 ], [ 6.7699315, 7.8310411 ], [ 6.7695689, 7.8310392 ], [ 6.7694601, 7.830607 ], [ 6.7690309, 7.8299516 ], [ 6.768737, 7.8295223 ], [ 6.7683096, 7.8292247 ], [ 6.7683106, 7.8290439 ], [ 6.7681293, 7.829043 ], [ 6.767948, 7.829042 ], [ 6.767949, 7.8288612 ], [ 6.7677677, 7.8288603 ], [ 6.7674061, 7.8286776 ], [ 6.7674071, 7.8284968 ], [ 6.7672258, 7.8284958 ], [ 6.7670445, 7.8284949 ], [ 6.7670455, 7.8283141 ], [ 6.7668642, 7.8283131 ], [ 6.7666829, 7.8283122 ], [ 6.7666848, 7.8279506 ], [ 6.7665036, 7.8279497 ], [ 6.7663223, 7.8279487 ], [ 6.7662018, 7.827708 ], [ 6.7659617, 7.8275852 ], [ 6.766098, 7.8267841 ], [ 6.7658628, 7.8269404 ], [ 6.7657038, 7.8271436 ], [ 6.765601, 7.8272218 ], [ 6.7654805, 7.826981 ], [ 6.7652404, 7.8268583 ], [ 6.7652414, 7.8266775 ], [ 6.765811, 7.8266133 ], [ 6.7660231, 7.8262488 ], [ 6.7657881, 7.8261381 ], [ 6.7659713, 7.8257775 ], [ 6.766204, 7.8256883 ], [ 6.7659723, 7.8255967 ], [ 6.7659114, 7.825376 ], [ 6.7657516, 7.8255337 ], [ 6.7659723, 7.8255967 ], [ 6.7659713, 7.8257775 ], [ 6.7656474, 7.8258228 ], [ 6.7653966, 7.8260791 ], [ 6.7657881, 7.8261381 ], [ 6.765665, 7.8263775 ], [ 6.7653029, 7.8265578 ], [ 6.7652414, 7.8266775 ], [ 6.7650013, 7.8265548 ], [ 6.7648205, 7.8261937 ], [ 6.7644603, 7.8260096 ], [ 6.7642796, 7.8256485 ], [ 6.7636769, 7.8255238 ], [ 6.7634354, 7.8254025 ], [ 6.7632599, 7.8243169 ], [ 6.7632609, 7.8241361 ], [ 6.7630796, 7.8241352 ], [ 6.7630806, 7.8239544 ], [ 6.7630213, 7.8236533 ], [ 6.7627812, 7.8235305 ], [ 6.762302, 7.8225648 ], [ 6.7621819, 7.8225034 ], [ 6.7621068, 7.8223977 ], [ 6.7618869, 7.8222388 ], [ 6.7621149, 7.821694 ], [ 6.7618923, 7.8205556 ], [ 6.7615446, 7.8206222 ], [ 6.7613933, 7.8202246 ], [ 6.7612881, 7.8201485 ], [ 6.761289, 7.8199678 ], [ 6.7614703, 7.8199687 ], [ 6.7614713, 7.8197879 ], [ 6.7617039, 7.8196988 ], [ 6.7614722, 7.8196072 ], [ 6.7614732, 7.8194264 ], [ 6.7614139, 7.8191253 ], [ 6.7611155, 7.8185206 ], [ 6.7608759, 7.8180377 ], [ 6.7607558, 7.8179764 ], [ 6.7607568, 7.8177956 ], [ 6.7610206, 7.8175544 ], [ 6.7603962, 7.8174321 ], [ 6.7603971, 7.8172513 ], [ 6.7603981, 7.8170706 ], [ 6.7602168, 7.8170696 ], [ 6.7596344, 7.8163087 ], [ 6.7586024, 7.8155372 ], [ 6.7582316, 7.8154321 ], [ 6.7582325, 7.8152513 ], [ 6.7580513, 7.8152503 ], [ 6.7573281, 7.8148849 ], [ 6.7573291, 7.8147042 ], [ 6.7571478, 7.8147032 ], [ 6.7569665, 7.8147022 ], [ 6.7569675, 7.8145215 ], [ 6.756605, 7.8145195 ], [ 6.7564242, 7.8141584 ], [ 6.7560641, 7.8139743 ], [ 6.7559742, 7.8137422 ], [ 6.7556604, 7.8138851 ], [ 6.7558828, 7.8139734 ], [ 6.7558809, 7.8143349 ], [ 6.7560621, 7.8143359 ], [ 6.7560612, 7.8145166 ], [ 6.7562424, 7.8145176 ], [ 6.7563017, 7.8148188 ], [ 6.7564208, 7.8150609 ], [ 6.7560583, 7.815059 ], [ 6.7560573, 7.8152397 ], [ 6.7560544, 7.8157821 ], [ 6.7556919, 7.8157801 ], [ 6.7556151, 7.8156761 ], [ 6.7553952, 7.8155111 ], [ 6.7559374, 7.8148004 ], [ 6.7552857, 7.8149879 ], [ 6.7550811, 7.8161365 ], [ 6.7553264, 7.8163205 ], [ 6.7553245, 7.8166821 ], [ 6.7553235, 7.8168628 ], [ 6.7551423, 7.8168619 ], [ 6.7551403, 7.8172234 ], [ 6.7551394, 7.8174042 ], [ 6.7553206, 7.8174052 ], [ 6.7553815, 7.8176259 ], [ 6.7555413, 7.8174682 ], [ 6.7553206, 7.8174052 ], [ 6.7553216, 7.8172244 ], [ 6.7553226, 7.8170436 ], [ 6.7558664, 7.8170465 ], [ 6.7562279, 7.8172292 ], [ 6.7563149, 7.8177438 ], [ 6.7576694, 7.8169331 ], [ 6.7578623, 7.8166956 ], [ 6.7582248, 7.8166975 ], [ 6.7582229, 7.817059 ], [ 6.7584041, 7.81706 ], [ 6.7584032, 7.8172408 ], [ 6.7584022, 7.8174215 ], [ 6.7584012, 7.8176023 ], [ 6.7584003, 7.8177831 ], [ 6.7585815, 7.817784 ], [ 6.7585796, 7.8181456 ], [ 6.7581286, 7.8184394 ], [ 6.7575672, 7.8182008 ], [ 6.7574881, 7.8188629 ], [ 6.7571886, 7.8187514 ], [ 6.7567635, 7.8187832 ], [ 6.7564917, 7.81876 ], [ 6.7558999, 7.8188042 ], [ 6.7559572, 7.8195663 ], [ 6.7570355, 7.8194857 ], [ 6.7572059, 7.8195375 ], [ 6.7568417, 7.819847 ], [ 6.7563889, 7.8210264 ], [ 6.7560273, 7.8208437 ], [ 6.7558841, 7.8207705 ], [ 6.7560267, 7.820483 ], [ 6.7556677, 7.8202995 ], [ 6.7556687, 7.8201187 ], [ 6.7554874, 7.8201177 ], [ 6.7553061, 7.8201168 ], [ 6.7553611, 7.8199904 ], [ 6.7559042, 7.8198583 ], [ 6.7556706, 7.8197571 ], [ 6.7556716, 7.8195764 ], [ 6.7554903, 7.8195754 ], [ 6.7552492, 7.8192933 ], [ 6.7548572, 7.8193227 ], [ 6.7546843, 7.8189306 ], [ 6.7544967, 7.8189447 ], [ 6.7539618, 7.8188989 ], [ 6.7550424, 7.8198375 ], [ 6.7551249, 7.8201158 ], [ 6.754703, 7.8202039 ], [ 6.7551239, 7.8202966 ], [ 6.7553038, 7.8205497 ], [ 6.7554864, 7.8202985 ], [ 6.7556677, 7.8202995 ], [ 6.7555856, 7.8205802 ], [ 6.7553765, 7.8209306 ], [ 6.7556616, 7.8214202 ], [ 6.7553786, 7.8216438 ], [ 6.7551684, 7.8232494 ], [ 6.7547449, 7.8233678 ], [ 6.7546667, 7.8225872 ], [ 6.7545656, 7.8230053 ], [ 6.7543843, 7.8230043 ], [ 6.7543853, 7.8228235 ], [ 6.754204, 7.8228226 ], [ 6.7538414, 7.8228206 ], [ 6.7538434, 7.8224591 ], [ 6.7536621, 7.8224581 ], [ 6.7536012, 7.8222374 ], [ 6.7534414, 7.8223951 ], [ 6.7536621, 7.8224581 ], [ 6.7535789, 7.822858 ], [ 6.7532967, 7.8229985 ], [ 6.753064, 7.8230877 ], [ 6.7532957, 7.8231793 ], [ 6.7532947, 7.8233601 ], [ 6.753476, 7.823361 ], [ 6.7536573, 7.823362 ], [ 6.7536563, 7.8235428 ], [ 6.7540188, 7.8235447 ], [ 6.7540179, 7.8237255 ], [ 6.7541991, 7.8237264 ], [ 6.7543668, 7.8242117 ], [ 6.7534108, 7.8238719 ], [ 6.7540579, 7.8244762 ], [ 6.7542809, 7.8247442 ], [ 6.7539128, 7.8250807 ], [ 6.7541974, 7.8253465 ], [ 6.7543707, 7.8255351 ], [ 6.7540082, 7.8255332 ], [ 6.7539473, 7.8253125 ], [ 6.7537875, 7.8254701 ], [ 6.7540082, 7.8255332 ], [ 6.7539214, 7.825689 ], [ 6.7532703, 7.8259548 ], [ 6.7534205, 7.8255968 ], [ 6.7529206, 7.8255274 ], [ 6.7529215, 7.8253466 ], [ 6.7534653, 7.8253495 ], [ 6.7534683, 7.8248072 ], [ 6.7529244, 7.8248043 ], [ 6.7527445, 7.8245511 ], [ 6.7525619, 7.8248024 ], [ 6.7524412, 7.8248625 ], [ 6.7521964, 7.8253428 ], [ 6.7521955, 7.8255235 ], [ 6.752316, 7.8257643 ], [ 6.7525561, 7.825887 ], [ 6.7525551, 7.8260678 ], [ 6.7525083, 7.8262023 ], [ 6.752075, 7.826292 ], [ 6.7519669, 7.8257491 ], [ 6.7514426, 7.8256394 ], [ 6.751788, 7.8252946 ], [ 6.7518854, 7.8243338 ], [ 6.7516584, 7.8242552 ], [ 6.7516594, 7.8240745 ], [ 6.7514781, 7.8240735 ], [ 6.7514791, 7.8238927 ], [ 6.7512978, 7.8238917 ], [ 6.7512084, 7.8236597 ], [ 6.7511166, 7.8238908 ], [ 6.7509353, 7.8238898 ], [ 6.7508744, 7.8236691 ], [ 6.7507146, 7.8238268 ], [ 6.7509353, 7.8238898 ], [ 6.7509343, 7.8240706 ], [ 6.7509333, 7.8242514 ], [ 6.7511146, 7.8242523 ], [ 6.7511136, 7.8244331 ], [ 6.7509324, 7.8244321 ], [ 6.7509314, 7.8246129 ], [ 6.7508438, 7.8250342 ], [ 6.7506602, 7.8243868 ], [ 6.7503895, 7.8242485 ], [ 6.7503905, 7.8240677 ], [ 6.7502092, 7.8240667 ], [ 6.7503643, 7.8234514 ], [ 6.7501045, 7.8235977 ], [ 6.750028, 7.8240658 ], [ 6.750027, 7.8242465 ], [ 6.7496644, 7.8242446 ], [ 6.7494832, 7.8242436 ], [ 6.7494841, 7.8240629 ], [ 6.7496654, 7.8240638 ], [ 6.7496674, 7.8237023 ], [ 6.7499212, 7.8235229 ], [ 6.7496693, 7.8233407 ], [ 6.7495958, 7.8232334 ], [ 6.7492852, 7.8230171 ], [ 6.7496741, 7.8224369 ], [ 6.7499068, 7.8223477 ], [ 6.7496751, 7.8222561 ], [ 6.7494149, 7.8212023 ], [ 6.7491342, 7.8217109 ], [ 6.7491323, 7.8220724 ], [ 6.7491313, 7.8222532 ], [ 6.7490237, 7.8223265 ], [ 6.7488616, 7.8227513 ], [ 6.748638, 7.8224247 ], [ 6.748724, 7.8220516 ], [ 6.7480795, 7.8216027 ], [ 6.7481634, 7.821239 ], [ 6.7471441, 7.8209772 ], [ 6.7473624, 7.820545 ], [ 6.747027, 7.8203735 ], [ 6.7469065, 7.8201327 ], [ 6.7466052, 7.8200704 ], [ 6.7463784, 7.819805 ], [ 6.7462416, 7.8202492 ], [ 6.7458791, 7.8202473 ], [ 6.7458801, 7.8200665 ], [ 6.745881, 7.8198857 ], [ 6.7460623, 7.8198867 ], [ 6.7460633, 7.8197059 ], [ 6.7472609, 7.8195632 ], [ 6.7472287, 7.8198107 ], [ 6.7476182, 7.8201252 ], [ 6.7475672, 7.8205175 ], [ 6.7478776, 7.8202971 ], [ 6.7480553, 7.8200781 ], [ 6.7482366, 7.8200791 ], [ 6.7483674, 7.8202438 ], [ 6.7490442, 7.8201635 ], [ 6.7492318, 7.8185378 ], [ 6.749461, 7.8180167 ], [ 6.7496877, 7.8199061 ], [ 6.7494664, 7.8199668 ], [ 6.7496245, 7.8201261 ], [ 6.7496877, 7.8199061 ], [ 6.7499431, 7.8197322 ], [ 6.7497634, 7.8189122 ], [ 6.7498466, 7.8185511 ], [ 6.7497655, 7.818181 ], [ 6.7500023, 7.8178225 ], [ 6.7498806, 7.8177378 ], [ 6.7498825, 7.8173762 ], [ 6.7501648, 7.8172357 ], [ 6.750248, 7.8168358 ], [ 6.7504293, 7.8168368 ], [ 6.7506086, 7.8171993 ], [ 6.7506076, 7.8173801 ], [ 6.7503949, 7.8178012 ], [ 6.7507264, 7.8176815 ], [ 6.7507889, 7.817381 ], [ 6.7507899, 7.8172003 ], [ 6.7507908, 7.8170195 ], [ 6.7509721, 7.8170205 ], [ 6.7511534, 7.8170214 ], [ 6.7511543, 7.8168407 ], [ 6.7510437, 7.815919 ], [ 6.7505333, 7.8162146 ], [ 6.7502509, 7.8162935 ], [ 6.7502528, 7.815932 ], [ 6.7500716, 7.815931 ], [ 6.7500725, 7.8157502 ], [ 6.7502538, 7.8157512 ], [ 6.7502548, 7.8155704 ], [ 6.7504874, 7.8154813 ], [ 6.7502557, 7.8153897 ], [ 6.7504389, 7.8150291 ], [ 6.7506202, 7.81503 ], [ 6.7506941, 7.8154461 ], [ 6.7508005, 7.8152118 ], [ 6.7515256, 7.8152156 ], [ 6.7515285, 7.8146733 ], [ 6.7513472, 7.8146724 ], [ 6.7513482, 7.8144916 ], [ 6.7515314, 7.814131 ], [ 6.7515333, 7.8137695 ], [ 6.7513521, 7.8137685 ], [ 6.751354, 7.8134069 ], [ 6.751355, 7.8132262 ], [ 6.7511364, 7.8129796 ], [ 6.7502635, 7.8139435 ], [ 6.7500822, 7.8139425 ], [ 6.7500832, 7.8137617 ], [ 6.7500841, 7.813581 ], [ 6.7499029, 7.81358 ], [ 6.7499039, 7.8133992 ], [ 6.7499048, 7.8132185 ], [ 6.7499696, 7.813102 ], [ 6.7506901, 7.8129515 ], [ 6.7502693, 7.8128588 ], [ 6.7502703, 7.8126781 ], [ 6.750089, 7.8126771 ], [ 6.7501906, 7.8120088 ], [ 6.7501064, 7.8094232 ], [ 6.7501103, 7.8087001 ], [ 6.7501113, 7.8085193 ], [ 6.7501122, 7.8083386 ], [ 6.7501132, 7.8081578 ], [ 6.7501151, 7.8077962 ], [ 6.7501238, 7.8061693 ], [ 6.7499426, 7.8061683 ], [ 6.7499435, 7.8059876 ], [ 6.7497623, 7.8059866 ], [ 6.7499111, 7.805692 ], [ 6.7495829, 7.8056241 ], [ 6.7494036, 7.8052616 ], [ 6.7495849, 7.8052625 ], [ 6.7497661, 7.8052635 ], [ 6.749827, 7.8054842 ], [ 6.7499868, 7.8053266 ], [ 6.7497661, 7.8052635 ], [ 6.7497671, 7.8050827 ], [ 6.7495858, 7.8050818 ], [ 6.7495868, 7.804901 ], [ 6.7495878, 7.8047202 ], [ 6.7498204, 7.8046311 ], [ 6.7495887, 7.8045395 ], [ 6.7496983, 7.8041046 ], [ 6.7497748, 7.8036366 ], [ 6.7498747, 7.8033698 ], [ 6.7497816, 7.8023711 ], [ 6.7499629, 7.8023721 ], [ 6.7499619, 7.8025529 ], [ 6.7499609, 7.8027337 ], [ 6.7501422, 7.8027346 ], [ 6.7502031, 7.8029554 ], [ 6.7503629, 7.8027977 ], [ 6.7501422, 7.8027346 ], [ 6.7501432, 7.8025538 ], [ 6.7501451, 7.8021923 ], [ 6.7499638, 7.8021913 ], [ 6.7497826, 7.8021904 ], [ 6.7497816, 7.8023711 ], [ 6.7496003, 7.8023702 ], [ 6.7494191, 7.8023692 ], [ 6.7491864, 7.8024584 ], [ 6.7494181, 7.80255 ], [ 6.7494142, 7.8032731 ], [ 6.7493017, 7.8033414 ], [ 6.7491613, 7.8037451 ], [ 6.7484356, 7.8039875 ], [ 6.7480703, 7.8043943 ], [ 6.748608, 7.8042304 ], [ 6.7486834, 7.8043539 ], [ 6.7486824, 7.8045346 ], [ 6.748477, 7.804691 ], [ 6.7482385, 7.8049958 ], [ 6.7477257, 7.8051506 ], [ 6.7480687, 7.8037098 ], [ 6.7478434, 7.8035344 ], [ 6.7484294, 7.8031891 ], [ 6.7489524, 7.8027205 ], [ 6.7482265, 7.8022822 ], [ 6.7482865, 7.8018915 ], [ 6.748062, 7.8019234 ], [ 6.7478808, 7.8018957 ], [ 6.7473541, 7.8019705 ], [ 6.7479831, 7.8014917 ], [ 6.7481357, 7.8010182 ], [ 6.7471488, 7.8016047 ], [ 6.746445, 7.8014119 ], [ 6.7469899, 7.8011929 ], [ 6.7470695, 7.8010913 ], [ 6.7474966, 7.801002 ], [ 6.7472984, 7.80068 ], [ 6.7470695, 7.8010913 ], [ 6.7469626, 7.8010169 ], [ 6.7468113, 7.8007957 ], [ 6.7465057, 7.8008623 ], [ 6.746641, 7.8002755 ], [ 6.7465815, 7.800004 ], [ 6.7466717, 7.7996124 ], [ 6.7475483, 7.799393 ], [ 6.7476982, 7.7990467 ], [ 6.7461442, 7.7994186 ], [ 6.7459105, 7.7997522 ], [ 6.7457174, 7.799708 ], [ 6.7454821, 7.7997593 ], [ 6.7455555, 7.800094 ], [ 6.7453285, 7.800625 ], [ 6.7453692, 7.800811 ], [ 6.7453276, 7.8009916 ], [ 6.7453673, 7.8011726 ], [ 6.7452869, 7.8015216 ], [ 6.745542, 7.8016993 ], [ 6.7456155, 7.8018066 ], [ 6.7453331, 7.8018855 ], [ 6.744625, 7.8024594 ], [ 6.74538, 7.8037561 ], [ 6.7448778, 7.8041528 ], [ 6.7447815, 7.8040315 ], [ 6.7437305, 7.8036222 ], [ 6.7430259, 7.8047653 ], [ 6.7424499, 7.8043002 ], [ 6.7424031, 7.8039075 ], [ 6.7425243, 7.8035979 ], [ 6.7427782, 7.8034185 ], [ 6.7425263, 7.8032364 ], [ 6.742345, 7.8032354 ], [ 6.7427105, 7.802695 ], [ 6.7427114, 7.8025143 ], [ 6.7430739, 7.8025162 ], [ 6.743072, 7.8028777 ], [ 6.7428394, 7.8029669 ], [ 6.743071, 7.8030585 ], [ 6.7431319, 7.8032792 ], [ 6.7432917, 7.8031216 ], [ 6.743071, 7.8030585 ], [ 6.743072, 7.8028777 ], [ 6.7432533, 7.8028787 ], [ 6.7432571, 7.8021556 ], [ 6.7427134, 7.8021527 ], [ 6.7427143, 7.8019719 ], [ 6.7428138, 7.8018904 ], [ 6.7429803, 7.8015131 ], [ 6.7435175, 7.8012841 ], [ 6.743263, 7.801071 ], [ 6.7434456, 7.8008197 ], [ 6.7437154, 7.8011995 ], [ 6.743883, 7.800969 ], [ 6.7441702, 7.800895 ], [ 6.7442311, 7.8011158 ], [ 6.7443909, 7.8009581 ], [ 6.7441702, 7.800895 ], [ 6.7444133, 7.8003385 ], [ 6.7438876, 7.8004676 ], [ 6.7437388, 7.8002418 ], [ 6.7436303, 7.8001691 ], [ 6.7435466, 7.7996971 ], [ 6.7432212, 7.8000698 ], [ 6.743171, 7.7998993 ], [ 6.7432164, 7.7993709 ], [ 6.7429867, 7.7991714 ], [ 6.7431902, 7.7989984 ], [ 6.7435522, 7.7984288 ], [ 6.7437261, 7.7992116 ], [ 6.743912, 7.7984153 ], [ 6.7444511, 7.7979571 ], [ 6.7442808, 7.7979052 ], [ 6.7440912, 7.7979194 ], [ 6.7435247, 7.7977085 ], [ 6.7431902, 7.7977335 ], [ 6.7430032, 7.7977175 ], [ 6.7428335, 7.7979118 ], [ 6.7424693, 7.7982214 ], [ 6.7426397, 7.7982732 ], [ 6.7431808, 7.7982327 ], [ 6.7430099, 7.7988166 ], [ 6.7423122, 7.7990221 ], [ 6.7420102, 7.8000033 ], [ 6.741174, 7.8004628 ], [ 6.7406381, 7.800417 ], [ 6.7404509, 7.800431 ], [ 6.7402833, 7.8002349 ], [ 6.7400895, 7.8000665 ], [ 6.739858, 7.7995417 ], [ 6.7394147, 7.8000494 ], [ 6.7393646, 7.799879 ], [ 6.7394143, 7.7993009 ], [ 6.7387982, 7.7996394 ], [ 6.7391105, 7.7979756 ], [ 6.7393318, 7.7979149 ], [ 6.7391737, 7.7977555 ], [ 6.7391105, 7.7979756 ], [ 6.7390185, 7.7978865 ], [ 6.7388421, 7.7975189 ], [ 6.7384793, 7.7977029 ], [ 6.7380189, 7.7978776 ], [ 6.7384778, 7.7970007 ], [ 6.7376662, 7.7968832 ], [ 6.7378494, 7.7965227 ], [ 6.7382119, 7.7965246 ], [ 6.7382129, 7.7963438 ], [ 6.7384342, 7.7962831 ], [ 6.7382762, 7.7961238 ], [ 6.7382129, 7.7963438 ], [ 6.7378504, 7.7963419 ], [ 6.7378494, 7.7965227 ], [ 6.7374026, 7.7966542 ], [ 6.7376662, 7.7968832 ], [ 6.7375956, 7.7971755 ], [ 6.7373355, 7.7973334 ], [ 6.7376387, 7.797522 ], [ 6.736781, 7.7978084 ], [ 6.7365719, 7.7981428 ], [ 6.7363906, 7.7981418 ], [ 6.7363896, 7.7983226 ], [ 6.7359055, 7.7985615 ], [ 6.7358439, 7.7986813 ], [ 6.7356627, 7.7986803 ], [ 6.7356636, 7.7984995 ], [ 6.7354824, 7.7984985 ], [ 6.7354833, 7.7983178 ], [ 6.7353021, 7.7983168 ], [ 6.7352286, 7.7982095 ], [ 6.73458, 7.7977706 ], [ 6.7345197, 7.7976502 ], [ 6.7342561, 7.7975154 ], [ 6.7344016, 7.7972273 ], [ 6.7345829, 7.7972283 ], [ 6.7346438, 7.797449 ], [ 6.7348036, 7.7972914 ], [ 6.7345829, 7.7972283 ], [ 6.7344945, 7.7968076 ], [ 6.7344016, 7.7972273 ], [ 6.7341601, 7.797106 ], [ 6.7338588, 7.7970436 ], [ 6.7338598, 7.7968629 ], [ 6.7340611, 7.7967956 ], [ 6.7337268, 7.7964546 ], [ 6.7336824, 7.7961388 ], [ 6.7336834, 7.7959581 ], [ 6.7338647, 7.795959 ], [ 6.7342445, 7.7961205 ], [ 6.734523, 7.7956989 ], [ 6.7344123, 7.7952389 ], [ 6.734645, 7.7951497 ], [ 6.7344133, 7.7950581 ], [ 6.7344143, 7.7948773 ], [ 6.734233, 7.7948763 ], [ 6.734234, 7.7946956 ], [ 6.7343226, 7.7944214 ], [ 6.7348442, 7.7939446 ], [ 6.7342369, 7.7941533 ], [ 6.7342389, 7.7937917 ], [ 6.7346014, 7.7937937 ], [ 6.7346033, 7.7934321 ], [ 6.7346043, 7.7932513 ], [ 6.7347855, 7.7932523 ], [ 6.735529, 7.7933555 ], [ 6.7358515, 7.7940664 ], [ 6.7361466, 7.7938974 ], [ 6.7364833, 7.7931761 ], [ 6.7365204, 7.7933956 ], [ 6.7364875, 7.7939005 ], [ 6.7366854, 7.7938898 ], [ 6.7373604, 7.7939335 ], [ 6.7376939, 7.7936396 ], [ 6.7381057, 7.7931848 ], [ 6.7381439, 7.7933577 ], [ 6.7381319, 7.7935414 ], [ 6.7381467, 7.7938126 ], [ 6.7381231, 7.794174 ], [ 6.7381379, 7.7944453 ], [ 6.7381202, 7.7947163 ], [ 6.7381456, 7.7951821 ], [ 6.7375896, 7.7956722 ], [ 6.7375446, 7.796363 ], [ 6.7383126, 7.795515 ], [ 6.7388391, 7.7955491 ], [ 6.739305, 7.7942758 ], [ 6.7390337, 7.794445 ], [ 6.7384525, 7.7953458 ], [ 6.7385171, 7.7943595 ], [ 6.7392286, 7.7939135 ], [ 6.7392085, 7.7935441 ], [ 6.7396785, 7.7934592 ], [ 6.7395334, 7.7940689 ], [ 6.7401398, 7.7937085 ], [ 6.7402184, 7.7941852 ], [ 6.7399971, 7.7942459 ], [ 6.7401552, 7.7944053 ], [ 6.7402184, 7.7941852 ], [ 6.7407338, 7.7944766 ], [ 6.7410414, 7.7949915 ], [ 6.7412611, 7.795535 ], [ 6.7415831, 7.7953792 ], [ 6.7422084, 7.7949189 ], [ 6.7421214, 7.7951947 ], [ 6.7418082, 7.7957622 ], [ 6.7424057, 7.7964363 ], [ 6.7426511, 7.7959105 ], [ 6.7430133, 7.7952542 ], [ 6.7430348, 7.7949234 ], [ 6.7430106, 7.7944776 ], [ 6.7433845, 7.7944574 ], [ 6.7436119, 7.7947139 ], [ 6.7440358, 7.7939458 ], [ 6.7437544, 7.7939275 ], [ 6.7435731, 7.7939373 ], [ 6.7433873, 7.7939253 ], [ 6.7432147, 7.7941159 ], [ 6.7423906, 7.7947391 ], [ 6.7423925, 7.7943776 ], [ 6.7426139, 7.7943169 ], [ 6.7424558, 7.7941575 ], [ 6.7423925, 7.7943776 ], [ 6.7422725, 7.7943162 ], [ 6.7421456, 7.7938689 ], [ 6.7418507, 7.7940132 ], [ 6.7419132, 7.7937127 ], [ 6.7424628, 7.7926273 ], [ 6.7423113, 7.7921741 ], [ 6.7421594, 7.7926886 ], [ 6.7420387, 7.7927487 ], [ 6.7419779, 7.792528 ], [ 6.7418181, 7.7926857 ], [ 6.7420387, 7.7927487 ], [ 6.7419674, 7.7928586 ], [ 6.7416347, 7.7930685 ], [ 6.7414146, 7.7934074 ], [ 6.7412198, 7.7933517 ], [ 6.740892, 7.7934417 ], [ 6.7411219, 7.7926425 ], [ 6.7405896, 7.7925602 ], [ 6.7413122, 7.791498 ], [ 6.7421224, 7.7909464 ], [ 6.7419759, 7.7906529 ], [ 6.7416879, 7.7905775 ], [ 6.7418798, 7.7903035 ], [ 6.7427686, 7.7901353 ], [ 6.7430396, 7.7897483 ], [ 6.7432335, 7.7897927 ], [ 6.7436865, 7.7896843 ], [ 6.7436855, 7.7898651 ], [ 6.7438668, 7.789866 ], [ 6.7439409, 7.7901525 ], [ 6.7446214, 7.7903354 ], [ 6.7444432, 7.79121 ], [ 6.7448162, 7.7909848 ], [ 6.744896, 7.7905928 ], [ 6.7446957, 7.7895676 ], [ 6.7443353, 7.7897931 ], [ 6.7438668, 7.789866 ], [ 6.7438678, 7.7896853 ], [ 6.7436865, 7.7896843 ], [ 6.743766, 7.7895827 ], [ 6.7441098, 7.789321 ], [ 6.7442361, 7.7886026 ], [ 6.744238, 7.788241 ], [ 6.7443611, 7.7880016 ], [ 6.7447232, 7.7878213 ], [ 6.7447866, 7.7873401 ], [ 6.7450193, 7.7872509 ], [ 6.7447876, 7.7871593 ], [ 6.7446921, 7.7867799 ], [ 6.7438823, 7.7869737 ], [ 6.743892, 7.785166 ], [ 6.7440732, 7.7851669 ], [ 6.7443058, 7.7850778 ], [ 6.7440742, 7.7849862 ], [ 6.7438968, 7.7842621 ], [ 6.7438978, 7.7840813 ], [ 6.7437165, 7.7840804 ], [ 6.743354, 7.7840784 ], [ 6.743355, 7.7838977 ], [ 6.7431737, 7.7838967 ], [ 6.7423485, 7.7838119 ], [ 6.7405659, 7.783294 ], [ 6.7404588, 7.7831591 ], [ 6.7404598, 7.7829784 ], [ 6.7411848, 7.7829822 ], [ 6.7411838, 7.783163 ], [ 6.7413651, 7.783164 ], [ 6.7420901, 7.7831678 ], [ 6.7420891, 7.7833486 ], [ 6.7422704, 7.7833496 ], [ 6.7429954, 7.7833534 ], [ 6.7429944, 7.7835342 ], [ 6.7431756, 7.7835352 ], [ 6.7438593, 7.7834925 ], [ 6.7442854, 7.7830671 ], [ 6.7440848, 7.7829977 ], [ 6.7440858, 7.7828169 ], [ 6.7440877, 7.7824554 ], [ 6.7440887, 7.7822746 ], [ 6.7439074, 7.7822736 ], [ 6.7438137, 7.7816592 ], [ 6.7435649, 7.7816022 ], [ 6.7437262, 7.7822727 ], [ 6.7435449, 7.7822717 ], [ 6.7433637, 7.7822707 ], [ 6.7431824, 7.7822698 ], [ 6.7431834, 7.782089 ], [ 6.7430021, 7.782088 ], [ 6.7430031, 7.7819073 ], [ 6.7430041, 7.7817265 ], [ 6.7428228, 7.7817255 ], [ 6.7428248, 7.781364 ], [ 6.7431882, 7.7811851 ], [ 6.7435517, 7.7810063 ], [ 6.7437329, 7.7810073 ], [ 6.7437339, 7.7808265 ], [ 6.7438389, 7.7800235 ], [ 6.7439239, 7.7792005 ], [ 6.7441565, 7.7791113 ], [ 6.7439248, 7.7790197 ], [ 6.743859, 7.7765673 ], [ 6.74376, 7.7759456 ], [ 6.7437017, 7.7754637 ], [ 6.7435826, 7.7752216 ], [ 6.7436756, 7.7751334 ], [ 6.7436728, 7.7749505 ], [ 6.7437803, 7.7721494 ], [ 6.7439615, 7.7721504 ], [ 6.7439625, 7.7719696 ], [ 6.7440475, 7.7711466 ], [ 6.7441524, 7.7703436 ], [ 6.7443337, 7.7703446 ], [ 6.7443347, 7.7701638 ], [ 6.7443366, 7.7698023 ], [ 6.7445178, 7.7698032 ], [ 6.7445188, 7.7696225 ], [ 6.7447514, 7.7695333 ], [ 6.7445198, 7.7694417 ], [ 6.7448697, 7.7688891 ], [ 6.7451537, 7.7682633 ], [ 6.7456179, 7.767459 ], [ 6.7458592, 7.7673388 ], [ 6.7459823, 7.7670994 ], [ 6.7461635, 7.7671003 ], [ 6.7461645, 7.7669196 ], [ 6.7463496, 7.7661974 ], [ 6.7463506, 7.7660167 ], [ 6.7467131, 7.7660186 ], [ 6.746715, 7.765657 ], [ 6.7471395, 7.7654457 ], [ 6.7470084, 7.7651529 ], [ 6.7467169, 7.7652955 ], [ 6.7467188, 7.7649339 ], [ 6.7465406, 7.7645714 ], [ 6.7467227, 7.7642109 ], [ 6.7469039, 7.7642118 ], [ 6.7469049, 7.764031 ], [ 6.7471262, 7.7639703 ], [ 6.7469681, 7.763811 ], [ 6.7469049, 7.764031 ], [ 6.7467237, 7.7640301 ], [ 6.7467265, 7.7634878 ], [ 6.7464296, 7.7630344 ], [ 6.7466972, 7.7626292 ], [ 6.7463698, 7.7624012 ], [ 6.7462493, 7.7621605 ], [ 6.7460093, 7.7620377 ], [ 6.7460102, 7.761857 ], [ 6.7466838, 7.7614305 ], [ 6.7466009, 7.7619702 ], [ 6.7468254, 7.7619383 ], [ 6.7477295, 7.7620765 ], [ 6.7481066, 7.7617893 ], [ 6.7482666, 7.7614053 ], [ 6.7486167, 7.7611387 ], [ 6.7486587, 7.7608657 ], [ 6.7481909, 7.7607839 ], [ 6.7483741, 7.7604233 ], [ 6.7488013, 7.760334 ], [ 6.748603, 7.760012 ], [ 6.7483741, 7.7604233 ], [ 6.7481929, 7.7604223 ], [ 6.7481948, 7.7600608 ], [ 6.7484161, 7.7600001 ], [ 6.748258, 7.7598407 ], [ 6.7481948, 7.7600608 ], [ 6.7479084, 7.7599796 ], [ 6.7479378, 7.7597882 ], [ 6.7479066, 7.75957 ], [ 6.7474667, 7.7596325 ], [ 6.7467477, 7.7595108 ], [ 6.7471131, 7.7589704 ], [ 6.7475152, 7.7591305 ], [ 6.7475811, 7.7587011 ], [ 6.7474804, 7.7580684 ], [ 6.7474823, 7.7577069 ], [ 6.7474833, 7.7575261 ], [ 6.7473508, 7.7555517 ], [ 6.7471324, 7.7553549 ], [ 6.7470284, 7.7551195 ], [ 6.7469502, 7.7555347 ], [ 6.7469405, 7.7573425 ], [ 6.7469396, 7.7575232 ], [ 6.7467583, 7.7575223 ], [ 6.7467574, 7.757703 ], [ 6.746692, 7.7585459 ], [ 6.7462969, 7.7593281 ], [ 6.7461457, 7.759026 ], [ 6.7460257, 7.7589646 ], [ 6.7461348, 7.7583235 ], [ 6.7459206, 7.7581568 ], [ 6.7460314, 7.75788 ], [ 6.7460324, 7.7576992 ], [ 6.7460334, 7.7575184 ], [ 6.7460401, 7.756253 ], [ 6.7464026, 7.7562549 ], [ 6.7464035, 7.7560742 ], [ 6.7464045, 7.7558934 ], [ 6.7462233, 7.7558924 ], [ 6.7460439, 7.7555299 ], [ 6.7462978, 7.7553505 ], [ 6.7460459, 7.7551684 ], [ 6.7460536, 7.7537222 ], [ 6.7460545, 7.7535414 ], [ 6.7456921, 7.7535395 ], [ 6.745693, 7.7533588 ], [ 6.7458743, 7.7533597 ], [ 6.7458762, 7.7529982 ], [ 6.7457841, 7.7520101 ], [ 6.7457113, 7.7499241 ], [ 6.7458925, 7.749925 ], [ 6.7458935, 7.7497443 ], [ 6.7458964, 7.7492019 ], [ 6.7461502, 7.7490225 ], [ 6.7458983, 7.7488404 ], [ 6.7458988, 7.7487498 ], [ 6.746856, 7.748752 ], [ 6.7468016, 7.7493875 ], [ 6.7467021, 7.7503799 ], [ 6.7467183, 7.7508513 ], [ 6.7466002, 7.7531828 ], [ 6.7465992, 7.7533636 ], [ 6.7467805, 7.7533645 ], [ 6.7467776, 7.7539068 ], [ 6.7467766, 7.7540876 ], [ 6.7469579, 7.7540886 ], [ 6.7469569, 7.7542693 ], [ 6.7471381, 7.7542703 ], [ 6.7471372, 7.7544511 ], [ 6.7473184, 7.754452 ], [ 6.7476345, 7.754366 ], [ 6.7475045, 7.7535491 ], [ 6.7477371, 7.75346 ], [ 6.7475054, 7.7533683 ], [ 6.7475179, 7.7510183 ], [ 6.7475189, 7.7508375 ], [ 6.7473376, 7.7508366 ], [ 6.747268, 7.7500062 ], [ 6.7471631, 7.7495702 ], [ 6.7475256, 7.7495721 ], [ 6.7475275, 7.7492106 ], [ 6.74753, 7.7487535 ], [ 6.7603982, 7.7487823 ], [ 6.7603975, 7.7489169 ], [ 6.7605787, 7.7489179 ], [ 6.7605778, 7.7490986 ], [ 6.7605768, 7.7492794 ], [ 6.7607581, 7.7492804 ], [ 6.7607562, 7.7496419 ], [ 6.7609374, 7.7496429 ], [ 6.7609957, 7.7501248 ], [ 6.7611148, 7.7503669 ], [ 6.7611129, 7.7507285 ], [ 6.7612942, 7.7507294 ], [ 6.7614735, 7.7510919 ], [ 6.7614716, 7.7514535 ], [ 6.7614706, 7.7516342 ], [ 6.7616519, 7.7516352 ], [ 6.7617509, 7.7522568 ], [ 6.7618264, 7.7529016 ], [ 6.7618245, 7.7532631 ], [ 6.7620057, 7.7532641 ], [ 6.7620019, 7.7539872 ], [ 6.762001, 7.7541679 ], [ 6.7621822, 7.7541689 ], [ 6.7621774, 7.7550728 ], [ 6.7621765, 7.7552535 ], [ 6.7623577, 7.7552545 ], [ 6.7623549, 7.7557968 ], [ 6.7621736, 7.7557959 ], [ 6.7620838, 7.7555637 ], [ 6.761956, 7.7558906 ], [ 6.7621727, 7.7559766 ], [ 6.7623539, 7.7559776 ], [ 6.7623462, 7.7574238 ], [ 6.7623453, 7.7576046 ], [ 6.7621127, 7.7576937 ], [ 6.7623443, 7.7577853 ], [ 6.7625256, 7.7577863 ], [ 6.7625151, 7.7597748 ], [ 6.7623338, 7.7597739 ], [ 6.7623319, 7.7601354 ], [ 6.76233, 7.7604969 ], [ 6.762329, 7.7606777 ], [ 6.7625103, 7.7606787 ], [ 6.7624338, 7.7611468 ], [ 6.7623243, 7.7615816 ], [ 6.7623233, 7.7617624 ], [ 6.7625045, 7.7617633 ], [ 6.7624854, 7.7653788 ], [ 6.7624845, 7.7655596 ], [ 6.7626657, 7.7655605 ], [ 6.7626609, 7.7664644 ], [ 6.76266, 7.7666452 ], [ 6.7628412, 7.7666461 ], [ 6.7628383, 7.7671885 ], [ 6.7628374, 7.7673692 ], [ 6.7630186, 7.7673702 ], [ 6.7630177, 7.767551 ], [ 6.7630167, 7.7677317 ], [ 6.763198, 7.7677327 ], [ 6.7632573, 7.7680338 ], [ 6.763735, 7.769001 ], [ 6.7637341, 7.7691818 ], [ 6.7639153, 7.7691827 ], [ 6.7639134, 7.7695443 ], [ 6.7639124, 7.769725 ], [ 6.7640937, 7.769726 ], [ 6.764153, 7.7700271 ], [ 6.7643912, 7.7705114 ], [ 6.7644505, 7.7708125 ], [ 6.7644495, 7.7709933 ], [ 6.7646307, 7.7709943 ], [ 6.7649885, 7.7719 ], [ 6.7649875, 7.7720808 ], [ 6.7651688, 7.7720818 ], [ 6.7653481, 7.7724443 ], [ 6.7653471, 7.7726251 ], [ 6.7655284, 7.772626 ], [ 6.7655265, 7.7729876 ], [ 6.7655255, 7.7731683 ], [ 6.7657068, 7.7731693 ], [ 6.7658518, 7.7737455 ], [ 6.7661694, 7.774511 ], [ 6.7662419, 7.7747991 ], [ 6.766241, 7.7749799 ], [ 6.7664222, 7.7749808 ], [ 6.7664203, 7.7753424 ], [ 6.7664194, 7.7755232 ], [ 6.7666006, 7.7755241 ], [ 6.7668773, 7.7765099 ], [ 6.7669555, 7.7769722 ], [ 6.7668067, 7.7772669 ], [ 6.7671348, 7.7773347 ], [ 6.7671338, 7.7775155 ], [ 6.7671329, 7.7776963 ], [ 6.7673141, 7.7776972 ], [ 6.7673065, 7.7791434 ], [ 6.7673046, 7.779505 ], [ 6.7674858, 7.7795059 ], [ 6.7677625, 7.7804917 ], [ 6.7678407, 7.780954 ], [ 6.7678397, 7.7811348 ], [ 6.768021, 7.7811358 ], [ 6.7680181, 7.7816781 ], [ 6.7680172, 7.7818589 ], [ 6.7681984, 7.7818598 ], [ 6.76827, 7.7823287 ], [ 6.7683749, 7.7827647 ], [ 6.7683739, 7.7829454 ], [ 6.7685552, 7.7829464 ], [ 6.7688536, 7.783551 ], [ 6.7689129, 7.7838522 ], [ 6.7688044, 7.7839289 ], [ 6.768607, 7.7848983 ], [ 6.7689946, 7.7859167 ], [ 6.7693709, 7.7857677 ], [ 6.7695234, 7.7855579 ], [ 6.7698106, 7.7854839 ], [ 6.7698097, 7.7856647 ], [ 6.7699909, 7.7856656 ], [ 6.76999, 7.7858464 ], [ 6.769989, 7.7860272 ], [ 6.7701703, 7.7860281 ], [ 6.7703496, 7.7863906 ], [ 6.7704701, 7.7866314 ], [ 6.7707102, 7.7867541 ], [ 6.7707092, 7.7869349 ], [ 6.7707083, 7.7871157 ], [ 6.7708896, 7.7871166 ], [ 6.7708886, 7.7872974 ], [ 6.7708876, 7.7874782 ], [ 6.7710689, 7.7874791 ], [ 6.772145, 7.7896541 ], [ 6.772144, 7.7898349 ], [ 6.7723253, 7.7898359 ], [ 6.7725046, 7.7901984 ], [ 6.7725037, 7.7903791 ], [ 6.7726849, 7.7903801 ], [ 6.7728643, 7.7907426 ], [ 6.7728633, 7.7909234 ], [ 6.7730446, 7.7909243 ], [ 6.7730436, 7.7911051 ], [ 6.7730427, 7.7912859 ], [ 6.7732239, 7.7912868 ], [ 6.773223, 7.7914676 ], [ 6.7734042, 7.7914686 ], [ 6.7734033, 7.7916493 ], [ 6.7734023, 7.7918301 ], [ 6.7735836, 7.7918311 ], [ 6.7736439, 7.7921375 ], [ 6.774181, 7.7932197 ], [ 6.774301, 7.7932811 ], [ 6.7742991, 7.7936426 ], [ 6.7744804, 7.7936436 ], [ 6.7744794, 7.7938244 ], [ 6.7744784, 7.7940051 ], [ 6.7746597, 7.7940061 ], [ 6.7746587, 7.7941869 ], [ 6.77484, 7.7941878 ], [ 6.7748381, 7.7945494 ], [ 6.7750194, 7.7945503 ], [ 6.7750184, 7.7947311 ], [ 6.7750175, 7.7949119 ], [ 6.7751987, 7.7949128 ], [ 6.7753781, 7.7952753 ], [ 6.7753771, 7.7954561 ], [ 6.7755584, 7.7954571 ], [ 6.7755574, 7.7956378 ], [ 6.7755565, 7.7958186 ], [ 6.7757377, 7.7958196 ], [ 6.7757368, 7.7960003 ], [ 6.775918, 7.7960013 ], [ 6.7760974, 7.7963638 ], [ 6.7760964, 7.7965446 ], [ 6.7762777, 7.7965455 ], [ 6.7762767, 7.7967263 ], [ 6.776458, 7.7967272 ], [ 6.7764571, 7.796908 ], [ 6.7766383, 7.796909 ], [ 6.7766374, 7.7970897 ], [ 6.7768186, 7.7970907 ], [ 6.7768177, 7.7972715 ], [ 6.7768167, 7.7974522 ], [ 6.776998, 7.7974532 ], [ 6.7773567, 7.7981761 ], [ 6.7777183, 7.7983609 ], [ 6.7777173, 7.7985417 ], [ 6.7778986, 7.7985426 ], [ 6.7778976, 7.7987234 ], [ 6.7780789, 7.7987243 ], [ 6.7780779, 7.7989051 ], [ 6.7782592, 7.7989061 ], [ 6.7783797, 7.7991468 ], [ 6.7786198, 7.7992695 ], [ 6.7786189, 7.7994503 ], [ 6.7788001, 7.7994513 ], [ 6.7789206, 7.799692 ], [ 6.7791607, 7.7998147 ], [ 6.7791598, 7.7999955 ], [ 6.7793411, 7.7999964 ], [ 6.7793401, 7.8001772 ], [ 6.7793391, 7.800358 ], [ 6.7795204, 7.8003589 ], [ 6.77976, 7.8008418 ], [ 6.7800613, 7.8009041 ], [ 6.7800604, 7.8010849 ], [ 6.7802417, 7.8010858 ], [ 6.7803826, 7.8013673 ], [ 6.7807835, 7.8014503 ], [ 6.7807826, 7.801631 ], [ 6.7809639, 7.801632 ], [ 6.7813254, 7.8018147 ], [ 6.7813245, 7.8019954 ], [ 6.7815058, 7.8019964 ], [ 6.7815048, 7.8021772 ], [ 6.7816861, 7.8021781 ], [ 6.7820476, 7.8023608 ], [ 6.7820467, 7.8025416 ], [ 6.782228, 7.8025425 ], [ 6.782227, 7.8027233 ], [ 6.7824083, 7.8027242 ], [ 6.7827699, 7.8029069 ], [ 6.7827689, 7.8030877 ], [ 6.7829502, 7.8030886 ], [ 6.7831314, 7.8030896 ], [ 6.7831305, 7.8032704 ], [ 6.7833117, 7.8032713 ], [ 6.783493, 7.8032723 ], [ 6.7835533, 7.8033926 ], [ 6.7840349, 7.8036367 ], [ 6.7843965, 7.8038194 ], [ 6.7843955, 7.8040001 ], [ 6.7845768, 7.8040011 ], [ 6.7850119, 7.8042911 ], [ 6.7854803, 7.8045482 ], [ 6.7854793, 7.8047289 ], [ 6.7856606, 7.8047299 ], [ 6.7858419, 7.8047308 ], [ 6.7858409, 7.8049116 ], [ 6.7860222, 7.8049126 ], [ 6.7865641, 7.805277 ], [ 6.7865631, 7.8054577 ], [ 6.7867444, 7.8054587 ], [ 6.7879372, 7.8062576 ], [ 6.7883711, 7.8063711 ], [ 6.7883701, 7.8065519 ], [ 6.7885514, 7.8065528 ], [ 6.7890952, 7.8065557 ], [ 6.7890942, 7.8067365 ], [ 6.7892755, 7.8067374 ], [ 6.7903631, 7.8067431 ], [ 6.7903622, 7.8069239 ], [ 6.7905435, 7.8069248 ], [ 6.7907247, 7.8069258 ], [ 6.7907238, 7.8071065 ], [ 6.790905, 7.8071075 ], [ 6.7915494, 7.807276 ], [ 6.7918085, 7.8076546 ], [ 6.791446, 7.8076527 ], [ 6.7905141, 7.8072236 ], [ 6.7898174, 7.8071018 ], [ 6.7895848, 7.807191 ], [ 6.7898165, 7.8072826 ], [ 6.7899958, 7.8076451 ], [ 6.7899949, 7.8078259 ], [ 6.7901762, 7.8078268 ], [ 6.7901752, 7.8080076 ], [ 6.7903565, 7.8080085 ], [ 6.7903555, 7.8081893 ], [ 6.7905368, 7.8081903 ], [ 6.7906152, 7.8082927 ], [ 6.790819, 7.8084513 ], [ 6.7910759, 7.809097 ], [ 6.7910749, 7.8092778 ], [ 6.7912562, 7.8092787 ], [ 6.7912543, 7.8096403 ], [ 6.791073, 7.8096393 ], [ 6.791074, 7.8094585 ], [ 6.7908927, 7.8094576 ], [ 6.7908946, 7.809096 ], [ 6.7907133, 7.8090951 ], [ 6.7907143, 7.8089143 ], [ 6.790533, 7.8089134 ], [ 6.790534, 7.8087326 ], [ 6.7905349, 7.8085518 ], [ 6.7903536, 7.8085509 ], [ 6.7903546, 7.8083701 ], [ 6.7901733, 7.8083691 ], [ 6.7901743, 7.8081884 ], [ 6.789993, 7.8081874 ], [ 6.7899939, 7.8080066 ], [ 6.7898127, 7.8080057 ], [ 6.7898136, 7.8078249 ], [ 6.7896324, 7.807824 ], [ 6.789424, 7.8075617 ], [ 6.7892525, 7.8079381 ], [ 6.7899581, 7.8091496 ], [ 6.7895583, 7.8108628 ], [ 6.7904886, 7.8112595 ], [ 6.7915042, 7.8119114 ], [ 6.7920132, 7.8121284 ], [ 6.792273, 7.8127522 ], [ 6.7935656, 7.8135191 ], [ 6.7939525, 7.8136316 ], [ 6.7939515, 7.8138124 ], [ 6.7941328, 7.8138133 ], [ 6.7942112, 7.8139157 ], [ 6.794867, 7.8143116 ], [ 6.7944977, 7.814915 ], [ 6.7956638, 7.8151909 ], [ 6.79612, 7.8151261 ], [ 6.7965728, 7.8151953 ], [ 6.796766, 7.8151678 ], [ 6.7978741, 7.8153615 ], [ 6.7996615, 7.8160903 ], [ 6.8001015, 7.8163754 ], [ 6.8001006, 7.8165562 ], [ 6.8002819, 7.8165571 ], [ 6.8006416, 7.8171013 ], [ 6.8007621, 7.8173421 ], [ 6.8010022, 7.8174648 ], [ 6.8017245, 7.8180109 ], [ 6.8017236, 7.8181917 ], [ 6.8019048, 7.8181926 ], [ 6.802629, 7.8183772 ], [ 6.802628, 7.818558 ], [ 6.8028093, 7.8185589 ], [ 6.8034223, 7.8184618 ], [ 6.8033871, 7.8342089 ], [ 6.8031748, 7.8340245 ], [ 6.8030089, 7.8336487 ], [ 6.8022993, 7.8333284 ], [ 6.802022, 7.833004 ], [ 6.8011049, 7.8324704 ], [ 6.8011068, 7.8321088 ], [ 6.8009255, 7.8321079 ], [ 6.8003835, 7.8317435 ], [ 6.8003845, 7.8315627 ], [ 6.8002032, 7.8315617 ], [ 6.8000219, 7.8315608 ], [ 6.7999014, 7.8313201 ], [ 6.7996613, 7.8311973 ], [ 6.7996622, 7.8310166 ], [ 6.7994809, 7.8310156 ], [ 6.7994819, 7.8308348 ], [ 6.7993006, 7.8308339 ], [ 6.7993015, 7.8306531 ], [ 6.798939, 7.8306512 ], [ 6.7989399, 7.8304704 ], [ 6.7987586, 7.8304695 ], [ 6.7981779, 7.8300932 ], [ 6.7971167, 7.8296536 ], [ 6.7967693, 7.8295552 ], [ 6.7967703, 7.8293744 ], [ 6.796589, 7.8293735 ], [ 6.7964077, 7.8293725 ], [ 6.7964087, 7.8291917 ], [ 6.7962274, 7.8291908 ], [ 6.7960461, 7.8291898 ], [ 6.796047, 7.8290091 ], [ 6.7958658, 7.8290081 ], [ 6.7955042, 7.8288254 ], [ 6.7955051, 7.8286447 ], [ 6.7953238, 7.8286437 ], [ 6.7948139, 7.828025 ], [ 6.7946006, 7.8282784 ], [ 6.7944193, 7.8282774 ], [ 6.794118, 7.8282151 ], [ 6.7936349, 7.8279725 ], [ 6.7933336, 7.8279102 ], [ 6.7934973, 7.8276483 ], [ 6.7943119, 7.8273762 ], [ 6.7937805, 7.8262227 ], [ 6.7932313, 7.8260329 ], [ 6.7927777, 7.8257117 ], [ 6.7924502, 7.8266873 ], [ 6.7929053, 7.8272537 ], [ 6.7931532, 7.8277284 ], [ 6.7927907, 7.8277265 ], [ 6.7924291, 7.8275439 ], [ 6.7922478, 7.8275429 ], [ 6.7922487, 7.8273621 ], [ 6.7920675, 7.8273612 ], [ 6.7918862, 7.8273602 ], [ 6.7918871, 7.8271795 ], [ 6.7917059, 7.8271785 ], [ 6.7915246, 7.8271776 ], [ 6.7915255, 7.8269968 ], [ 6.7913443, 7.8269958 ], [ 6.791163, 7.8269949 ], [ 6.7908749, 7.8269195 ], [ 6.7907279, 7.8267049 ], [ 6.7900791, 7.8262661 ], [ 6.7898978, 7.8262651 ], [ 6.7898988, 7.8260844 ], [ 6.7897175, 7.8260834 ], [ 6.7895362, 7.8260825 ], [ 6.7895372, 7.8259017 ], [ 6.7893559, 7.8259007 ], [ 6.7891746, 7.8258998 ], [ 6.7891756, 7.825719 ], [ 6.7889943, 7.8257181 ], [ 6.7880088, 7.8254317 ], [ 6.787546, 7.8253489 ], [ 6.787547, 7.8251681 ], [ 6.7873657, 7.8251672 ], [ 6.7870031, 7.8251653 ], [ 6.7870041, 7.8249845 ], [ 6.7868228, 7.8249835 ], [ 6.7865215, 7.8249212 ], [ 6.7859183, 7.8246172 ], [ 6.7859193, 7.8244364 ], [ 6.785738, 7.8244355 ], [ 6.7855567, 7.8244345 ], [ 6.7855577, 7.8242538 ], [ 6.7853764, 7.8242528 ], [ 6.7841132, 7.8231615 ], [ 6.7841142, 7.8229807 ], [ 6.7839329, 7.8229798 ], [ 6.783391, 7.8226154 ], [ 6.7833919, 7.8224346 ], [ 6.7832106, 7.8224336 ], [ 6.7826687, 7.8220692 ], [ 6.7827531, 7.8219725 ], [ 6.7832256, 7.8215709 ], [ 6.7829508, 7.8212495 ], [ 6.782741, 7.8212652 ], [ 6.7827734, 7.8208888 ], [ 6.7825775, 7.8207187 ], [ 6.7826082, 7.8203604 ], [ 6.7824016, 7.8203428 ], [ 6.7818553, 7.8205396 ], [ 6.7816138, 7.8194527 ], [ 6.7811456, 7.819989 ], [ 6.7808665, 7.8200712 ], [ 6.7809827, 7.8196099 ], [ 6.7807964, 7.8188696 ], [ 6.779985, 7.8191158 ], [ 6.7801992, 7.818186 ], [ 6.7796697, 7.8186848 ], [ 6.7797948, 7.8192551 ], [ 6.7792389, 7.8193395 ], [ 6.7791641, 7.8190507 ], [ 6.7781114, 7.8188375 ], [ 6.7774271, 7.8191491 ], [ 6.777428, 7.8189684 ], [ 6.7767029, 7.8189646 ], [ 6.7767039, 7.8187838 ], [ 6.7763414, 7.8187819 ], [ 6.7763433, 7.8184203 ], [ 6.776162, 7.8184194 ], [ 6.776163, 7.8182386 ], [ 6.7756191, 7.8182357 ], [ 6.7754379, 7.8182348 ], [ 6.7754369, 7.8184155 ], [ 6.7747109, 7.8185925 ], [ 6.7745296, 7.8185915 ], [ 6.7743483, 7.8185906 ], [ 6.7743474, 7.8187714 ], [ 6.7739848, 7.8187694 ], [ 6.7739858, 7.8185887 ], [ 6.7736232, 7.8185868 ], [ 6.7732607, 7.8185848 ], [ 6.7730794, 7.8185839 ], [ 6.7730784, 7.8187647 ], [ 6.7724139, 7.8188219 ], [ 6.7721711, 7.8189407 ], [ 6.7720827, 7.81852 ], [ 6.7719899, 7.8189397 ], [ 6.7716273, 7.8189378 ], [ 6.7716292, 7.8185762 ], [ 6.7718105, 7.8185772 ], [ 6.7718115, 7.8183964 ], [ 6.7741976, 7.8182371 ], [ 6.7744521, 7.8177759 ], [ 6.7743531, 7.8176867 ], [ 6.7743541, 7.8175059 ], [ 6.7741728, 7.817505 ], [ 6.7739031, 7.81708 ], [ 6.773629, 7.8175021 ], [ 6.7734477, 7.8175012 ], [ 6.7734487, 7.8173204 ], [ 6.7732674, 7.8173194 ], [ 6.7732071, 7.8171991 ], [ 6.772967, 7.8170763 ], [ 6.7728169, 7.8167766 ], [ 6.7725423, 7.8173156 ], [ 6.772361, 7.8173146 ], [ 6.7723601, 7.8174954 ], [ 6.7720808, 7.8173551 ], [ 6.7715508, 7.8178107 ], [ 6.7712715, 7.8176705 ], [ 6.7710902, 7.8176695 ], [ 6.7710892, 7.8178503 ], [ 6.7707726, 7.8178946 ], [ 6.7704976, 7.8181627 ], [ 6.770181, 7.818207 ], [ 6.7699997, 7.8182061 ], [ 6.7699987, 7.8183868 ], [ 6.7698175, 7.8183859 ], [ 6.7696362, 7.8183849 ], [ 6.7696352, 7.8185657 ], [ 6.769454, 7.8185648 ], [ 6.769452, 7.8189263 ], [ 6.7692708, 7.8189253 ], [ 6.7692698, 7.8191061 ], [ 6.7692688, 7.8192869 ], [ 6.7694501, 7.8192878 ], [ 6.7694482, 7.8196494 ], [ 6.7696295, 7.8196504 ], [ 6.7699882, 7.8203754 ], [ 6.7699872, 7.8205561 ], [ 6.7701685, 7.8205571 ], [ 6.7702894, 7.8207986 ], [ 6.7708907, 7.8211033 ], [ 6.7708897, 7.821284 ], [ 6.771071, 7.821285 ], [ 6.7715394, 7.8215421 ], [ 6.7719745, 7.8218321 ], [ 6.7719726, 7.8221937 ], [ 6.7717512, 7.8222544 ], [ 6.7719094, 7.8224137 ], [ 6.7719726, 7.8221937 ], [ 6.7721539, 7.8221946 ], [ 6.7722874, 7.8224662 ], [ 6.772123, 7.8227975 ], [ 6.7724529, 7.8226778 ], [ 6.7725164, 7.8221965 ], [ 6.7730381, 7.8218566 ], [ 6.7734237, 7.8220205 ], [ 6.7737863, 7.8220224 ], [ 6.7737853, 7.8222032 ], [ 6.7739666, 7.8222042 ], [ 6.7738562, 7.822419 ], [ 6.7734228, 7.8222013 ], [ 6.7728164, 7.8225005 ], [ 6.7729363, 7.8228611 ], [ 6.7730564, 7.8229225 ], [ 6.7731632, 7.8233468 ], [ 6.7735964, 7.8236485 ], [ 6.7738492, 7.8241183 ], [ 6.7741354, 7.8245552 ], [ 6.7741344, 7.824736 ], [ 6.7743157, 7.8247369 ], [ 6.7743148, 7.8249177 ], [ 6.774496, 7.8249187 ], [ 6.7745854, 7.8251507 ], [ 6.7746773, 7.8249196 ], [ 6.7748605, 7.824559 ], [ 6.7750418, 7.82456 ], [ 6.7751609, 7.8248021 ], [ 6.7752202, 7.8251033 ], [ 6.7749988, 7.825164 ], [ 6.7751569, 7.8253234 ], [ 6.7752202, 7.8251033 ], [ 6.7757216, 7.8248964 ], [ 6.7756013, 7.8254184 ], [ 6.7764873, 7.8257544 ], [ 6.7769653, 7.8264527 ], [ 6.776843, 7.8267389 ], [ 6.7766617, 7.8267379 ], [ 6.7759376, 7.8265533 ], [ 6.7759386, 7.8263725 ], [ 6.7757573, 7.8263716 ], [ 6.7757582, 7.8261908 ], [ 6.7753957, 7.8261889 ], [ 6.7753348, 7.8259682 ], [ 6.775175, 7.8261258 ], [ 6.7753957, 7.8261889 ], [ 6.7753947, 7.8263697 ], [ 6.775576, 7.8263706 ], [ 6.7755751, 7.8265514 ], [ 6.7755741, 7.8267322 ], [ 6.7757554, 7.8267331 ], [ 6.7759347, 7.8270956 ], [ 6.7759338, 7.8272764 ], [ 6.7751411, 7.8273599 ], [ 6.7750052, 7.827886 ], [ 6.7756477, 7.8277005 ], [ 6.7759338, 7.8272764 ] ], [ [ 6.7755664, 7.8281784 ], [ 6.7753865, 7.8279252 ], [ 6.7752039, 7.8281765 ], [ 6.7749825, 7.8282372 ], [ 6.7751406, 7.8283965 ], [ 6.7752039, 7.8281765 ], [ 6.7755664, 7.8281784 ], [ 6.7755655, 7.8283591 ], [ 6.7753441, 7.8284199 ], [ 6.7755022, 7.8285792 ], [ 6.7755655, 7.8283591 ], [ 6.7757467, 7.8283601 ], [ 6.7757477, 7.8281793 ], [ 6.775969, 7.8281186 ], [ 6.7758109, 7.8279592 ], [ 6.7757477, 7.8281793 ], [ 6.7755664, 7.8281784 ] ], [ [ 6.7755626, 7.8289015 ], [ 6.7753412, 7.8289622 ], [ 6.7754994, 7.8291215 ], [ 6.7755626, 7.8289015 ] ], [ [ 6.7780928, 7.8303611 ], [ 6.7783141, 7.8303003 ], [ 6.778156, 7.830141 ], [ 6.7780928, 7.8303611 ], [ 6.7778715, 7.8304218 ], [ 6.7780296, 7.8305811 ], [ 6.7780928, 7.8303611 ] ], [ [ 6.7783909, 7.8304151 ], [ 6.7787297, 7.830587 ], [ 6.7788189, 7.8301841 ], [ 6.7783909, 7.8304151 ] ], [ [ 6.7789973, 7.8307274 ], [ 6.7787759, 7.8307881 ], [ 6.7789341, 7.8309475 ], [ 6.7789973, 7.8307274 ] ], [ [ 6.7712004, 7.8310478 ], [ 6.7707724, 7.8312788 ], [ 6.7711112, 7.8314507 ], [ 6.7712004, 7.8310478 ] ], [ [ 6.7832378, 7.8357145 ], [ 6.7831409, 7.8356303 ], [ 6.7831418, 7.8354495 ], [ 6.7829605, 7.8354486 ], [ 6.7829615, 7.8352678 ], [ 6.7827802, 7.8352668 ], [ 6.7827812, 7.8350861 ], [ 6.7826606, 7.8348453 ], [ 6.7824205, 7.8347226 ], [ 6.7824215, 7.8345418 ], [ 6.7822402, 7.8345409 ], [ 6.7818786, 7.8343582 ], [ 6.7817581, 7.8341174 ], [ 6.7815179, 7.8339947 ], [ 6.7804331, 7.8334467 ], [ 6.7804341, 7.8332659 ], [ 6.7802528, 7.8332649 ], [ 6.7799515, 7.8332026 ], [ 6.7797099, 7.8330813 ], [ 6.7797109, 7.8329005 ], [ 6.7795296, 7.8328996 ], [ 6.7793483, 7.8328986 ], [ 6.7793493, 7.8327178 ], [ 6.779168, 7.8327169 ], [ 6.7789867, 7.8327159 ], [ 6.7789858, 7.8328967 ], [ 6.7789848, 7.8330775 ], [ 6.7791661, 7.8330784 ], [ 6.7791651, 7.8332592 ], [ 6.7793464, 7.8332602 ], [ 6.7795469, 7.833422 ], [ 6.7803456, 7.8344275 ], [ 6.7806068, 7.8348938 ], [ 6.7806058, 7.8350746 ], [ 6.7807871, 7.8350756 ], [ 6.7811468, 7.8356198 ], [ 6.781433, 7.8360567 ], [ 6.781579, 7.8364521 ], [ 6.7816858, 7.8365265 ], [ 6.7818666, 7.8368876 ], [ 6.7822268, 7.8370717 ], [ 6.7822249, 7.8374333 ], [ 6.7824062, 7.8374342 ], [ 6.7825861, 7.8376874 ], [ 6.7827687, 7.8374362 ], [ 6.7827697, 7.8372554 ], [ 6.7830877, 7.8373254 ], [ 6.7829382, 7.8376818 ], [ 6.7834604, 7.8374686 ], [ 6.783677, 7.8370794 ], [ 6.783679, 7.8367178 ], [ 6.7832378, 7.8357145 ] ], [ [ 6.7769821, 7.8346939 ], [ 6.7769831, 7.8345132 ], [ 6.7768018, 7.8345122 ], [ 6.7764421, 7.833968 ], [ 6.7764431, 7.8337872 ], [ 6.7762618, 7.8337862 ], [ 6.7762628, 7.8336055 ], [ 6.7760815, 7.8336045 ], [ 6.7759007, 7.8332434 ], [ 6.7755405, 7.8330593 ], [ 6.7753079, 7.8331485 ], [ 6.7755396, 7.8332401 ], [ 6.7758983, 7.8339651 ], [ 6.7758973, 7.8341459 ], [ 6.7760786, 7.8341468 ], [ 6.776258, 7.8345093 ], [ 6.776257, 7.8346901 ], [ 6.7764383, 7.8346911 ], [ 6.7768413, 7.8351295 ], [ 6.7769821, 7.8346939 ] ], [ [ 6.7738965, 7.8354008 ], [ 6.7736752, 7.8354615 ], [ 6.7738333, 7.8356208 ], [ 6.7738965, 7.8354008 ] ], [ [ 6.7851235, 7.8378101 ], [ 6.785368, 7.8376833 ], [ 6.7852042, 7.8372149 ], [ 6.7851235, 7.8378101 ], [ 6.7849021, 7.8378708 ], [ 6.7850603, 7.8380302 ], [ 6.7851235, 7.8378101 ] ], [ [ 6.7842209, 7.8370822 ], [ 6.7839848, 7.8371815 ], [ 6.7841461, 7.8374927 ], [ 6.7842209, 7.8370822 ] ], [ [ 6.7843611, 7.8373256 ], [ 6.7845193, 7.837485 ], [ 6.7845825, 7.8372649 ], [ 6.7843611, 7.8373256 ] ], [ [ 6.7833656, 7.8397848 ], [ 6.7831217, 7.8392458 ], [ 6.7826912, 7.8393416 ], [ 6.78308, 7.840036 ], [ 6.7833656, 7.8397848 ] ], [ [ 6.772125, 7.8276179 ], [ 6.7719037, 7.8276786 ], [ 6.7720618, 7.8278379 ], [ 6.772125, 7.8276179 ], [ 6.7723464, 7.8275571 ], [ 6.7721883, 7.8273978 ], [ 6.772125, 7.8276179 ] ], [ [ 6.7734775, 7.827493 ], [ 6.7735772, 7.827264 ], [ 6.7731599, 7.827335 ], [ 6.7734775, 7.827493 ] ], [ [ 6.7702559, 7.8267648 ], [ 6.7701358, 7.8267034 ], [ 6.7701368, 7.8265227 ], [ 6.7699555, 7.8265217 ], [ 6.7699565, 7.8263409 ], [ 6.7697752, 7.82634 ], [ 6.7695958, 7.8259775 ], [ 6.7695968, 7.8257967 ], [ 6.7694155, 7.8257957 ], [ 6.7694165, 7.825615 ], [ 6.7690539, 7.825613 ], [ 6.7686717, 7.8251658 ], [ 6.7675188, 7.825806 ], [ 6.7684093, 7.8262491 ], [ 6.7686875, 7.8263342 ], [ 6.7688081, 7.826575 ], [ 6.7690482, 7.8266977 ], [ 6.7690472, 7.8268785 ], [ 6.7692285, 7.8268794 ], [ 6.7692275, 7.8270602 ], [ 6.7694088, 7.8270612 ], [ 6.7702554, 7.8274879 ], [ 6.7702559, 7.8267648 ] ], [ [ 6.7724934, 7.8265351 ], [ 6.772272, 7.8265958 ], [ 6.7724301, 7.8267552 ], [ 6.7724934, 7.8265351 ], [ 6.7729315, 7.8262368 ], [ 6.7726551, 7.8259201 ], [ 6.7724934, 7.8265351 ] ], [ [ 6.7731813, 7.8260583 ], [ 6.7733394, 7.8262177 ], [ 6.7734026, 7.8259976 ], [ 6.7731813, 7.8260583 ] ], [ [ 6.7706835, 7.8259832 ], [ 6.7712903, 7.8259078 ], [ 6.7708076, 7.8257513 ], [ 6.7706835, 7.8259832 ], [ 6.7704621, 7.8260439 ], [ 6.7706203, 7.8262033 ], [ 6.7706835, 7.8259832 ] ], [ [ 6.775036, 7.8256446 ], [ 6.7750969, 7.8258654 ], [ 6.7752567, 7.8257077 ], [ 6.775036, 7.8256446 ], [ 6.7749751, 7.8254239 ], [ 6.7748153, 7.8255816 ], [ 6.775036, 7.8256446 ] ], [ [ 6.7732261, 7.8250928 ], [ 6.77299, 7.8251921 ], [ 6.7731514, 7.8255032 ], [ 6.7732261, 7.8250928 ], [ 6.7734475, 7.825032 ], [ 6.7732894, 7.8248727 ], [ 6.7732261, 7.8250928 ] ], [ [ 6.7703248, 7.8252582 ], [ 6.7705693, 7.8251314 ], [ 6.7704056, 7.824663 ], [ 6.7703248, 7.8252582 ], [ 6.7698728, 7.8256714 ], [ 6.7701688, 7.82605 ], [ 6.7703248, 7.8252582 ] ], [ [ 6.767704, 7.8246775 ], [ 6.7677908, 7.8245217 ], [ 6.7671979, 7.8245976 ], [ 6.7670529, 7.8249433 ], [ 6.767704, 7.8246775 ] ], [ [ 6.7662189, 7.824294 ], [ 6.7664269, 7.8240558 ], [ 6.7671115, 7.8236332 ], [ 6.767357, 7.8229774 ], [ 6.7667809, 7.8228011 ], [ 6.7668199, 7.8223472 ], [ 6.766788, 7.8219232 ], [ 6.7669995, 7.8213582 ], [ 6.7669856, 7.821173 ], [ 6.7670159, 7.8208206 ], [ 6.7668085, 7.8208028 ], [ 6.7664476, 7.8210012 ], [ 6.7661797, 7.8206877 ], [ 6.7659002, 7.8210078 ], [ 6.7653568, 7.8209614 ], [ 6.7652655, 7.8221582 ], [ 6.7651537, 7.8220887 ], [ 6.7649242, 7.8217129 ], [ 6.7642575, 7.8214824 ], [ 6.7641105, 7.8218174 ], [ 6.7643601, 7.8219726 ], [ 6.7644548, 7.8226037 ], [ 6.7644391, 7.8227865 ], [ 6.7644595, 7.8230578 ], [ 6.7644043, 7.8237005 ], [ 6.7649069, 7.8236629 ], [ 6.7655155, 7.8241914 ], [ 6.7655441, 7.824572 ], [ 6.765266, 7.8253151 ], [ 6.7662677, 7.8249425 ], [ 6.7662189, 7.824294 ] ], [ [ 6.7680973, 7.8229878 ], [ 6.7682956, 7.8233099 ], [ 6.7685245, 7.8228985 ], [ 6.7680973, 7.8229878 ] ], [ [ 6.7679798, 7.8230764 ], [ 6.7676902, 7.823151 ], [ 6.7674328, 7.8244145 ], [ 6.7679341, 7.8238668 ], [ 6.7678685, 7.8235263 ], [ 6.7679798, 7.8230764 ] ], [ [ 6.7697386, 7.8230055 ], [ 6.7698999, 7.8233166 ], [ 6.7699747, 7.8229062 ], [ 6.7697386, 7.8230055 ] ], [ [ 6.7706376, 7.8229494 ], [ 6.7707008, 7.8227293 ], [ 6.7704794, 7.82279 ], [ 6.7706376, 7.8229494 ] ], [ [ 6.7672431, 7.8252419 ], [ 6.7670672, 7.8256813 ], [ 6.7674966, 7.8254392 ], [ 6.7672431, 7.8252419 ], [ 6.7671822, 7.8250212 ], [ 6.7670224, 7.8251788 ], [ 6.7672431, 7.8252419 ] ], [ [ 6.7654284, 7.8255939 ], [ 6.7652071, 7.8256546 ], [ 6.7653652, 7.8258139 ], [ 6.7654284, 7.8255939 ] ], [ [ 6.7652443, 7.8261352 ], [ 6.7650229, 7.8261959 ], [ 6.765181, 7.8263553 ], [ 6.7652443, 7.8261352 ] ], [ [ 6.7674705, 7.8165657 ], [ 6.7672492, 7.8166264 ], [ 6.7674073, 7.8167858 ], [ 6.7674705, 7.8165657 ], [ 6.7678657, 7.8164668 ], [ 6.767983, 7.8159574 ], [ 6.7675841, 7.8153747 ], [ 6.7674773, 7.8153003 ], [ 6.7677171, 7.8150448 ], [ 6.770017, 7.8149521 ], [ 6.7701982, 7.8149531 ], [ 6.7701973, 7.8151339 ], [ 6.7703786, 7.8151348 ], [ 6.7711036, 7.8151386 ], [ 6.7712849, 7.8151396 ], [ 6.7712859, 7.8149588 ], [ 6.7723129, 7.8149035 ], [ 6.773162, 7.8144871 ], [ 6.7738265, 7.8144299 ], [ 6.7740078, 7.8144308 ], [ 6.7740088, 7.8142501 ], [ 6.7770904, 7.8142663 ], [ 6.7770894, 7.8144471 ], [ 6.7772707, 7.814448 ], [ 6.7779345, 7.8145123 ], [ 6.7785377, 7.8148163 ], [ 6.7785367, 7.814997 ], [ 6.778718, 7.814998 ], [ 6.7795491, 7.8156234 ], [ 6.7797261, 7.8151053 ], [ 6.7798133, 7.8135575 ], [ 6.7798142, 7.8133767 ], [ 6.7796329, 7.8133758 ], [ 6.7793816, 7.812527 ], [ 6.7787371, 7.8113825 ], [ 6.7787381, 7.8112017 ], [ 6.7785568, 7.8112007 ], [ 6.7781971, 7.8106565 ], [ 6.7781981, 7.8104757 ], [ 6.7780168, 7.8104748 ], [ 6.7780178, 7.810294 ], [ 6.7778365, 7.810293 ], [ 6.7774768, 7.8097488 ], [ 6.7774778, 7.809568 ], [ 6.7772965, 7.8095671 ], [ 6.7765758, 7.8086598 ], [ 6.7756737, 7.8079315 ], [ 6.7756746, 7.8077507 ], [ 6.7754934, 7.8077498 ], [ 6.7736893, 7.8061133 ], [ 6.7736903, 7.8059325 ], [ 6.773509, 7.8059315 ], [ 6.77351, 7.8057508 ], [ 6.7733287, 7.8057498 ], [ 6.7731474, 7.8057489 ], [ 6.7731484, 7.8055681 ], [ 6.7729671, 7.8055671 ], [ 6.7729681, 7.8053863 ], [ 6.772969, 7.8052056 ], [ 6.7727878, 7.8052046 ], [ 6.7722536, 7.8048326 ], [ 6.7718862, 7.804296 ], [ 6.7718279, 7.8038141 ], [ 6.7717088, 7.8035719 ], [ 6.7717097, 7.8033911 ], [ 6.7715285, 7.8033902 ], [ 6.7715294, 7.8032094 ], [ 6.7711669, 7.8032075 ], [ 6.7711679, 7.8030267 ], [ 6.7710474, 7.802786 ], [ 6.7708073, 7.8026633 ], [ 6.7704447, 7.8026614 ], [ 6.7704457, 7.8024806 ], [ 6.7702644, 7.8024796 ], [ 6.7698635, 7.8023967 ], [ 6.7697225, 7.8021152 ], [ 6.7697235, 7.8019344 ], [ 6.7695422, 7.8019335 ], [ 6.7695432, 7.8017527 ], [ 6.7693619, 7.8017517 ], [ 6.7693629, 7.801571 ], [ 6.7691816, 7.80157 ], [ 6.7691826, 7.8013892 ], [ 6.7690013, 7.8013883 ], [ 6.7684614, 7.8006623 ], [ 6.7684623, 7.8004815 ], [ 6.768281, 7.8004806 ], [ 6.768282, 7.8002998 ], [ 6.7681007, 7.8002989 ], [ 6.7679958, 7.7998629 ], [ 6.7679252, 7.7992132 ], [ 6.7679262, 7.7990325 ], [ 6.7677449, 7.7990315 ], [ 6.7677459, 7.7988507 ], [ 6.7677468, 7.79867 ], [ 6.7675656, 7.798669 ], [ 6.7673862, 7.7983065 ], [ 6.7673872, 7.7981257 ], [ 6.7672059, 7.7981248 ], [ 6.7668472, 7.7973998 ], [ 6.7668482, 7.797219 ], [ 6.7666669, 7.797218 ], [ 6.7666679, 7.7970373 ], [ 6.7664866, 7.7970363 ], [ 6.7664876, 7.7968555 ], [ 6.7663063, 7.7968546 ], [ 6.7659467, 7.7963103 ], [ 6.7659476, 7.7961296 ], [ 6.7657664, 7.7961286 ], [ 6.7655263, 7.7960059 ], [ 6.7654058, 7.7957651 ], [ 6.7653342, 7.7952963 ], [ 6.765086, 7.7949117 ], [ 6.7651606, 7.794588 ], [ 6.764947, 7.7937003 ], [ 6.764885, 7.7914237 ], [ 6.764886, 7.7912429 ], [ 6.7648124, 7.7902366 ], [ 6.7647134, 7.789615 ], [ 6.7647143, 7.7894342 ], [ 6.7645331, 7.7894333 ], [ 6.7643537, 7.7890708 ], [ 6.7643595, 7.7879861 ], [ 6.7641801, 7.7876236 ], [ 6.7643614, 7.7876246 ], [ 6.7643633, 7.787263 ], [ 6.7643652, 7.7869015 ], [ 6.7646013, 7.7867978 ], [ 6.7641849, 7.7867197 ], [ 6.7639459, 7.7865337 ], [ 6.7638272, 7.7858139 ], [ 6.7635876, 7.7853311 ], [ 6.7634676, 7.7852697 ], [ 6.7633301, 7.7846986 ], [ 6.7634724, 7.7843658 ], [ 6.7634743, 7.7840043 ], [ 6.7634752, 7.7838235 ], [ 6.763294, 7.7838226 ], [ 6.7632959, 7.783461 ], [ 6.7632969, 7.7832802 ], [ 6.7631156, 7.7832793 ], [ 6.7631166, 7.7830985 ], [ 6.762754, 7.7830966 ], [ 6.762755, 7.7829158 ], [ 6.7625737, 7.7829149 ], [ 6.7625757, 7.7825533 ], [ 6.7625766, 7.7823725 ], [ 6.7625776, 7.7821918 ], [ 6.7625785, 7.782011 ], [ 6.7623973, 7.78201 ], [ 6.7623982, 7.7818293 ], [ 6.762217, 7.7818283 ], [ 6.7618545, 7.7818264 ], [ 6.7615992, 7.7811684 ], [ 6.7614987, 7.7805591 ], [ 6.7614996, 7.7803783 ], [ 6.7613184, 7.7803773 ], [ 6.7613193, 7.7801966 ], [ 6.7613203, 7.7800158 ], [ 6.7611391, 7.7800148 ], [ 6.76114, 7.7798341 ], [ 6.7609588, 7.7798331 ], [ 6.7608995, 7.779532 ], [ 6.7607804, 7.7792898 ], [ 6.7604942, 7.7788529 ], [ 6.7604217, 7.7785648 ], [ 6.7604227, 7.778384 ], [ 6.7604236, 7.7782033 ], [ 6.7602424, 7.7782023 ], [ 6.7602433, 7.7780215 ], [ 6.7600621, 7.7780206 ], [ 6.7597601, 7.7780797 ], [ 6.7596352, 7.7786807 ], [ 6.7595135, 7.7789216 ], [ 6.7595116, 7.7792831 ], [ 6.7595106, 7.7794639 ], [ 6.7594491, 7.7795836 ], [ 6.7591192, 7.7797033 ], [ 6.7593278, 7.779283 ], [ 6.7589688, 7.7790995 ], [ 6.7589698, 7.7789187 ], [ 6.7592024, 7.7788295 ], [ 6.7589707, 7.7787379 ], [ 6.7595202, 7.7776562 ], [ 6.7595212, 7.7774754 ], [ 6.7593399, 7.7774744 ], [ 6.7593409, 7.7772936 ], [ 6.7592197, 7.7770515 ], [ 6.7587483, 7.7772076 ], [ 6.7591597, 7.7772927 ], [ 6.7591587, 7.7774735 ], [ 6.7586149, 7.7774706 ], [ 6.7584337, 7.7774696 ], [ 6.7584346, 7.7772889 ], [ 6.7582534, 7.7772879 ], [ 6.7582544, 7.7771071 ], [ 6.7580731, 7.7771062 ], [ 6.7581685, 7.7767713 ], [ 6.7585412, 7.7764876 ], [ 6.7588048, 7.7758446 ], [ 6.7588067, 7.775483 ], [ 6.7588077, 7.7753023 ], [ 6.7586265, 7.7753013 ], [ 6.7585074, 7.7750592 ], [ 6.7584481, 7.774758 ], [ 6.758449, 7.7745773 ], [ 6.7582678, 7.7745763 ], [ 6.7582085, 7.7742752 ], [ 6.7580894, 7.774033 ], [ 6.7580904, 7.7738522 ], [ 6.7579091, 7.7738513 ], [ 6.7579101, 7.7736705 ], [ 6.757911, 7.7734897 ], [ 6.7577298, 7.7734888 ], [ 6.7577308, 7.773308 ], [ 6.7577317, 7.7731272 ], [ 6.7575505, 7.7731263 ], [ 6.7574912, 7.7728251 ], [ 6.7573721, 7.772583 ], [ 6.7573731, 7.7724022 ], [ 6.7571918, 7.7724013 ], [ 6.7568322, 7.771857 ], [ 6.7568331, 7.7716763 ], [ 6.7566519, 7.7716753 ], [ 6.7563535, 7.7710707 ], [ 6.7562942, 7.7707695 ], [ 6.7562952, 7.7705887 ], [ 6.7561139, 7.7705878 ], [ 6.7561149, 7.770407 ], [ 6.7561158, 7.7702262 ], [ 6.7566596, 7.7702291 ], [ 6.7567205, 7.7704498 ], [ 6.7568802, 7.7702922 ], [ 6.7566596, 7.7702291 ], [ 6.7567811, 7.7699624 ], [ 6.7567244, 7.7697775 ], [ 6.7567873, 7.7695797 ], [ 6.7563583, 7.7694314 ], [ 6.756474, 7.7690676 ], [ 6.7558746, 7.7686949 ], [ 6.7563204, 7.7674126 ], [ 6.7568562, 7.7673377 ], [ 6.7567848, 7.7674475 ], [ 6.7564211, 7.7676771 ], [ 6.756816, 7.7678387 ], [ 6.7574616, 7.7674313 ], [ 6.7568562, 7.7673377 ], [ 6.7567744, 7.7665436 ], [ 6.756217, 7.7669216 ], [ 6.7558073, 7.7675526 ], [ 6.7554746, 7.7677625 ], [ 6.7552607, 7.768092 ], [ 6.7548171, 7.7683719 ], [ 6.7545318, 7.7688113 ], [ 6.7541992, 7.7690212 ], [ 6.7541259, 7.7694926 ], [ 6.7537644, 7.7693099 ], [ 6.7538131, 7.7688138 ], [ 6.7540849, 7.7685425 ], [ 6.7541327, 7.7682272 ], [ 6.754354, 7.7681665 ], [ 6.7541959, 7.7680071 ], [ 6.7541327, 7.7682272 ], [ 6.7534077, 7.7682234 ], [ 6.7534067, 7.7684041 ], [ 6.7530442, 7.7684022 ], [ 6.7529544, 7.7682228 ], [ 6.7526798, 7.7687618 ], [ 6.7524985, 7.7687609 ], [ 6.7523173, 7.7687599 ], [ 6.7523163, 7.7689407 ], [ 6.7523859, 7.7697711 ], [ 6.7524908, 7.7702071 ], [ 6.7524889, 7.7705686 ], [ 6.7526702, 7.7705696 ], [ 6.7526692, 7.7707504 ], [ 6.752488, 7.7707494 ], [ 6.752486, 7.7711109 ], [ 6.7525969, 7.7713612 ], [ 6.75273, 7.7723088 ], [ 6.7529507, 7.7729901 ], [ 6.7530115, 7.7745485 ], [ 6.7524752, 7.7743003 ], [ 6.7525869, 7.7746303 ], [ 6.7530105, 7.7747293 ], [ 6.7529971, 7.7772601 ], [ 6.7529961, 7.7774409 ], [ 6.7531774, 7.7774418 ], [ 6.7531764, 7.7776226 ], [ 6.7531754, 7.7778034 ], [ 6.7533567, 7.7778043 ], [ 6.753416, 7.7781055 ], [ 6.7537144, 7.7787101 ], [ 6.7539043, 7.7790465 ], [ 6.7544329, 7.778851 ], [ 6.7541882, 7.7794881 ], [ 6.7547197, 7.7797535 ], [ 6.7548635, 7.779505 ], [ 6.7557062, 7.7790822 ], [ 6.755811, 7.7795443 ], [ 6.7554161, 7.7797031 ], [ 6.7554446, 7.7799024 ], [ 6.7547433, 7.7807584 ], [ 6.7544308, 7.7799852 ], [ 6.7542424, 7.7797188 ], [ 6.7544278, 7.7808832 ], [ 6.7542466, 7.7808823 ], [ 6.7542437, 7.7814246 ], [ 6.7542389, 7.7823285 ], [ 6.7540576, 7.7823275 ], [ 6.7540548, 7.7828698 ], [ 6.754236, 7.7828708 ], [ 6.7542235, 7.7852208 ], [ 6.7542225, 7.7854016 ], [ 6.7544038, 7.7854026 ], [ 6.7544009, 7.7859449 ], [ 6.7543999, 7.7861257 ], [ 6.7545812, 7.7861266 ], [ 6.7545802, 7.7863074 ], [ 6.7543476, 7.7863965 ], [ 6.7545793, 7.7864882 ], [ 6.7546526, 7.7878544 ], [ 6.7555387, 7.7893536 ], [ 6.7556495, 7.7897478 ], [ 6.7554282, 7.7898086 ], [ 6.7555863, 7.7899679 ], [ 6.7556495, 7.7897478 ], [ 6.7558896, 7.7898706 ], [ 6.7560703, 7.7902317 ], [ 6.7561904, 7.790293 ], [ 6.7561894, 7.7904738 ], [ 6.7560081, 7.7904729 ], [ 6.7556456, 7.7904709 ], [ 6.7556437, 7.7908325 ], [ 6.7556427, 7.7910133 ], [ 6.7554214, 7.791074 ], [ 6.7555795, 7.7912333 ], [ 6.7556427, 7.7910133 ], [ 6.755824, 7.7910142 ], [ 6.755825, 7.7908334 ], [ 6.7560062, 7.7908344 ], [ 6.7560072, 7.7906536 ], [ 6.7561884, 7.7906546 ], [ 6.7561875, 7.7908354 ], [ 6.7561211, 7.791859 ], [ 6.7558605, 7.7921826 ], [ 6.7559975, 7.7924614 ], [ 6.7559966, 7.7926421 ], [ 6.7561778, 7.7926431 ], [ 6.7561769, 7.7928239 ], [ 6.7559956, 7.7928229 ], [ 6.7559947, 7.7930037 ], [ 6.7559261, 7.7932205 ], [ 6.7557005, 7.7929666 ], [ 6.7555877, 7.7933089 ], [ 6.7559927, 7.7933652 ], [ 6.7560821, 7.7935972 ], [ 6.756174, 7.7933662 ], [ 6.7564402, 7.7934699 ], [ 6.756757, 7.7934323 ], [ 6.7578034, 7.7937364 ], [ 6.7578024, 7.7939172 ], [ 6.7579837, 7.7939181 ], [ 6.758165, 7.7939191 ], [ 6.7585275, 7.793921 ], [ 6.7585265, 7.7941018 ], [ 6.7576814, 7.7940366 ], [ 6.7571984, 7.7937939 ], [ 6.7568971, 7.7937316 ], [ 6.7566432, 7.793911 ], [ 6.7568952, 7.7940931 ], [ 6.7570764, 7.7940941 ], [ 6.7570755, 7.7942749 ], [ 6.756713, 7.7942729 ], [ 6.7565317, 7.794272 ], [ 6.7563504, 7.794271 ], [ 6.7563514, 7.7940902 ], [ 6.7563524, 7.7939095 ], [ 6.7561724, 7.7936563 ], [ 6.7559898, 7.7939075 ], [ 6.7552752, 7.7934702 ], [ 6.7563379, 7.7966211 ], [ 6.756337, 7.7968018 ], [ 6.7565182, 7.7968028 ], [ 6.7565765, 7.7972847 ], [ 6.756875, 7.7978894 ], [ 6.7569644, 7.7981214 ], [ 6.7570562, 7.7978903 ], [ 6.7576, 7.7978932 ], [ 6.757601, 7.7977124 ], [ 6.758326, 7.7977163 ], [ 6.7585073, 7.7977172 ], [ 6.7593189, 7.7978592 ], [ 6.7594088, 7.7986259 ], [ 6.7591422, 7.7985244 ], [ 6.7587818, 7.7985591 ], [ 6.758603, 7.7983421 ], [ 6.7584058, 7.798177 ], [ 6.7582411, 7.7979771 ], [ 6.7580526, 7.7979952 ], [ 6.7578642, 7.797975 ], [ 6.7576973, 7.7982178 ], [ 6.7583941, 7.7988013 ], [ 6.7578563, 7.799242 ], [ 6.7577716, 7.7997019 ], [ 6.7575904, 7.7997009 ], [ 6.7575933, 7.7991586 ], [ 6.757412, 7.7991577 ], [ 6.7574149, 7.7986153 ], [ 6.7576362, 7.7985546 ], [ 6.7574781, 7.7983953 ], [ 6.7574149, 7.7986153 ], [ 6.7572336, 7.7986144 ], [ 6.7571624, 7.7981983 ], [ 6.757004, 7.7985149 ], [ 6.7572336, 7.7986144 ], [ 6.7572307, 7.7991567 ], [ 6.757412, 7.7991577 ], [ 6.7573064, 7.7997782 ], [ 6.7572612, 7.8005011 ], [ 6.7574959, 7.7999377 ], [ 6.7578464, 7.8004942 ], [ 6.7566014, 7.8007493 ], [ 6.7559542, 7.8005962 ], [ 6.7557793, 7.8003406 ], [ 6.7555319, 7.8006625 ], [ 6.7553228, 7.8014578 ], [ 6.7550504, 7.8010599 ], [ 6.7549318, 7.8014008 ], [ 6.7549921, 7.8016757 ], [ 6.7548969, 7.8020889 ], [ 6.755152, 7.8024842 ], [ 6.7548755, 7.8033573 ], [ 6.7551316, 7.8034159 ], [ 6.7555782, 7.8031251 ], [ 6.7556508, 7.8036011 ], [ 6.7558599, 7.8035555 ], [ 6.7560421, 7.8038217 ], [ 6.7566629, 7.8036731 ], [ 6.7567237, 7.8038939 ], [ 6.7568835, 7.8037362 ], [ 6.7566629, 7.8036731 ], [ 6.7568167, 7.803262 ], [ 6.7565676, 7.8030456 ], [ 6.7566715, 7.8020462 ], [ 6.7569653, 7.8019788 ], [ 6.7571066, 7.8013943 ], [ 6.7577404, 7.8011827 ], [ 6.7575976, 7.8007167 ], [ 6.7578776, 7.8008561 ], [ 6.7580505, 7.8011391 ], [ 6.758399, 7.8010329 ], [ 6.7585973, 7.8010957 ], [ 6.7587419, 7.8006799 ], [ 6.7589881, 7.8005304 ], [ 6.7587445, 7.8001805 ], [ 6.758677, 7.7998875 ], [ 6.7588582, 7.7998884 ], [ 6.7588592, 7.7997077 ], [ 6.7590405, 7.7997086 ], [ 6.7591957, 7.8003256 ], [ 6.7594752, 7.8000114 ], [ 6.7590405, 7.7997086 ], [ 6.7589616, 7.7993079 ], [ 6.7586808, 7.7991644 ], [ 6.7587906, 7.7989509 ], [ 6.7593533, 7.7992287 ], [ 6.7595435, 7.7988998 ], [ 6.7594088, 7.7986259 ], [ 6.7597713, 7.7986278 ], [ 6.7598485, 7.7989347 ], [ 6.7603151, 7.7986307 ], [ 6.7604963, 7.7986317 ], [ 6.7604954, 7.7988124 ], [ 6.7606766, 7.7988134 ], [ 6.7607487, 7.7989574 ], [ 6.7610392, 7.7988153 ], [ 6.7611286, 7.7990473 ], [ 6.7612204, 7.7988163 ], [ 6.7614017, 7.7988172 ], [ 6.7615375, 7.7990886 ], [ 6.7621665, 7.7992732 ], [ 6.7619428, 7.799724 ], [ 6.7615791, 7.7995413 ], [ 6.7614897, 7.7993093 ], [ 6.7613978, 7.7995403 ], [ 6.7612166, 7.7995394 ], [ 6.7611282, 7.7991187 ], [ 6.7610353, 7.7995384 ], [ 6.7608541, 7.7995374 ], [ 6.7608531, 7.7997182 ], [ 6.7607529, 7.7996373 ], [ 6.7597185, 7.7995034 ], [ 6.7606946, 7.8008511 ], [ 6.7601411, 7.8012883 ], [ 6.7605513, 7.8023697 ], [ 6.7601966, 7.8023238 ], [ 6.7601136, 7.802426 ], [ 6.7599323, 7.802425 ], [ 6.7597516, 7.8020639 ], [ 6.7592714, 7.8018185 ], [ 6.7592111, 7.8016981 ], [ 6.7595746, 7.8015192 ], [ 6.7596742, 7.8017547 ], [ 6.7599862, 7.8015938 ], [ 6.7595746, 7.8015192 ], [ 6.7595016, 7.8009158 ], [ 6.7590737, 7.8014186 ], [ 6.7592111, 7.8016981 ], [ 6.7585435, 7.80195 ], [ 6.7585956, 7.8015497 ], [ 6.758184, 7.8012507 ], [ 6.7582259, 7.8016025 ], [ 6.7581929, 7.8018568 ], [ 6.7586645, 7.8022375 ], [ 6.7586625, 7.8025991 ], [ 6.7581809, 7.802355 ], [ 6.757924, 7.8018418 ], [ 6.7575162, 7.8021986 ], [ 6.7578941, 7.8026783 ], [ 6.7577205, 7.8030281 ], [ 6.7579346, 7.8031376 ], [ 6.7580052, 7.8037872 ], [ 6.7581101, 7.8042232 ], [ 6.7581091, 7.8044039 ], [ 6.7582904, 7.8044049 ], [ 6.7582894, 7.8045857 ], [ 6.7582884, 7.8047664 ], [ 6.7584697, 7.8047674 ], [ 6.758529, 7.8050685 ], [ 6.7591861, 7.8063982 ], [ 6.7591851, 7.806579 ], [ 6.7593664, 7.8065799 ], [ 6.7600866, 7.8074876 ], [ 6.7600857, 7.8076684 ], [ 6.760267, 7.8076694 ], [ 6.7602631, 7.8083925 ], [ 6.7602621, 7.8085733 ], [ 6.7604434, 7.8085742 ], [ 6.7604424, 7.808755 ], [ 6.7600799, 7.8087531 ], [ 6.7598986, 7.8087521 ], [ 6.7597212, 7.808028 ], [ 6.7597222, 7.8078473 ], [ 6.7595409, 7.8078463 ], [ 6.7591117, 7.8072423 ], [ 6.7589981, 7.8076627 ], [ 6.7589971, 7.8078434 ], [ 6.7591784, 7.8078444 ], [ 6.7591774, 7.8080252 ], [ 6.7591765, 7.8082059 ], [ 6.7593577, 7.8082069 ], [ 6.7597174, 7.8087511 ], [ 6.7596352, 7.8088561 ], [ 6.7589923, 7.8087473 ], [ 6.7589029, 7.8085153 ], [ 6.758811, 7.8087463 ], [ 6.7586298, 7.8087454 ], [ 6.7586923, 7.8084449 ], [ 6.7590572, 7.8079917 ], [ 6.7585083, 7.8080831 ], [ 6.7582707, 7.8085618 ], [ 6.7586298, 7.8087454 ], [ 6.758339, 7.8091792 ], [ 6.7582634, 7.8094665 ], [ 6.7580421, 7.8095273 ], [ 6.7582002, 7.8096866 ], [ 6.7582634, 7.8094665 ], [ 6.7590424, 7.8090935 ], [ 6.7588471, 7.8096019 ], [ 6.7583269, 7.8098941 ], [ 6.7582158, 7.8104358 ], [ 6.7589966, 7.8097934 ], [ 6.7592326, 7.8100289 ], [ 6.7589827, 7.810555 ], [ 6.7587613, 7.8106157 ], [ 6.7589194, 7.8107751 ], [ 6.7589827, 7.810555 ], [ 6.7596148, 7.8107134 ], [ 6.7597833, 7.8102716 ], [ 6.7600722, 7.8101993 ], [ 6.7596867, 7.8111621 ], [ 6.7599762, 7.8112064 ], [ 6.7601669, 7.8111793 ], [ 6.7603377, 7.8114024 ], [ 6.7605085, 7.8111842 ], [ 6.7607139, 7.8110278 ], [ 6.7608748, 7.810463 ], [ 6.7609776, 7.8103848 ], [ 6.761065, 7.8109897 ], [ 6.7611588, 7.8103858 ], [ 6.7613401, 7.8103868 ], [ 6.7615728, 7.8102976 ], [ 6.7613411, 7.810206 ], [ 6.761342, 7.8100252 ], [ 6.7611608, 7.8100242 ], [ 6.7611617, 7.8098435 ], [ 6.761343, 7.8098444 ], [ 6.7613449, 7.8094829 ], [ 6.7617467, 7.809566 ], [ 6.7620661, 7.8102098 ], [ 6.7620652, 7.8103906 ], [ 6.7622464, 7.8103916 ], [ 6.7622455, 7.8105723 ], [ 6.7622445, 7.8107531 ], [ 6.7624258, 7.8107541 ], [ 6.7624248, 7.8109348 ], [ 6.7626061, 7.8109358 ], [ 6.7626051, 7.8111166 ], [ 6.7627864, 7.8111175 ], [ 6.7633877, 7.8114222 ], [ 6.7635086, 7.8116637 ], [ 6.7633273, 7.8116627 ], [ 6.7633264, 7.8118435 ], [ 6.7631451, 7.8118425 ], [ 6.7629638, 7.8118416 ], [ 6.7629619, 7.8122031 ], [ 6.7629609, 7.8123839 ], [ 6.7631422, 7.8123849 ], [ 6.7633235, 7.8123858 ], [ 6.7633225, 7.8125666 ], [ 6.7633206, 7.8129281 ], [ 6.7640457, 7.812932 ], [ 6.7640476, 7.8125704 ], [ 6.7642288, 7.8125714 ], [ 6.7642279, 7.8127522 ], [ 6.764226, 7.8131137 ], [ 6.764225, 7.8132945 ], [ 6.764224, 7.8134753 ], [ 6.7644053, 7.8134762 ], [ 6.7644043, 7.813657 ], [ 6.7645856, 7.813658 ], [ 6.7647061, 7.8138987 ], [ 6.7649462, 7.8140214 ], [ 6.7649453, 7.8142022 ], [ 6.7651265, 7.8142032 ], [ 6.7651256, 7.8143839 ], [ 6.7653068, 7.8143849 ], [ 6.7654881, 7.8143859 ], [ 6.7654871, 7.8145666 ], [ 6.7656684, 7.8145676 ], [ 6.7658398, 7.8147756 ], [ 6.767093, 7.8143135 ], [ 6.7670163, 7.8150267 ], [ 6.7670338, 7.8152075 ], [ 6.7670051, 7.8154744 ], [ 6.7674773, 7.8153003 ], [ 6.7674705, 7.8165657 ] ], [ [ 6.790603, 7.8162991 ], [ 6.7908822, 7.8172763 ], [ 6.79118, 7.8168348 ], [ 6.7913985, 7.8166915 ], [ 6.7914879, 7.8169235 ], [ 6.7915798, 7.8166925 ], [ 6.7918782, 7.8167684 ], [ 6.7917389, 7.8173079 ], [ 6.7921953, 7.8168327 ], [ 6.7919146, 7.8159917 ], [ 6.7914802, 7.8162778 ], [ 6.7912787, 7.8157148 ], [ 6.790603, 7.8162991 ] ], [ [ 6.7946548, 7.817974 ], [ 6.794755, 7.8180549 ], [ 6.7950445, 7.8187502 ], [ 6.7957352, 7.8178993 ], [ 6.7958489, 7.81807 ], [ 6.7954301, 7.8187721 ], [ 6.7954864, 7.8192439 ], [ 6.795432, 7.8196623 ], [ 6.7959028, 7.8199416 ], [ 6.7970866, 7.8190063 ], [ 6.7965155, 7.8188782 ], [ 6.795743, 7.8193256 ], [ 6.7958937, 7.8189577 ], [ 6.7970196, 7.8182838 ], [ 6.7965406, 7.8178971 ], [ 6.7969144, 7.8172704 ], [ 6.796666, 7.817102 ], [ 6.7960185, 7.8171789 ], [ 6.7954919, 7.8171108 ], [ 6.7951106, 7.8177294 ], [ 6.7948297, 7.8173758 ], [ 6.7946548, 7.817974 ], [ 6.7942458, 7.8180313 ], [ 6.7943435, 7.8189183 ], [ 6.7946051, 7.8186509 ], [ 6.7946548, 7.817974 ] ], [ [ 6.791929, 7.8192253 ], [ 6.7917077, 7.819286 ], [ 6.7918658, 7.8194453 ], [ 6.791929, 7.8192253 ] ], [ [ 6.7922887, 7.8197695 ], [ 6.79251, 7.8197088 ], [ 6.7923519, 7.8195494 ], [ 6.7922887, 7.8197695 ], [ 6.791742, 7.8198459 ], [ 6.7915443, 7.8204673 ], [ 6.7922292, 7.8202385 ], [ 6.7921672, 7.8200362 ], [ 6.7922887, 7.8197695 ] ], [ [ 6.7821354, 7.8200778 ], [ 6.7819141, 7.8201385 ], [ 6.7820722, 7.8202979 ], [ 6.7821354, 7.8200778 ] ], [ [ 6.7905804, 7.8202802 ], [ 6.7908956, 7.820559 ], [ 6.7911991, 7.8201254 ], [ 6.7905804, 7.8202802 ] ], [ [ 6.7980857, 7.8205229 ], [ 6.7982101, 7.8209655 ], [ 6.798519, 7.8206489 ], [ 6.7980857, 7.8205229 ], [ 6.7981571, 7.8204131 ], [ 6.798643, 7.8201064 ], [ 6.7983315, 7.8199052 ], [ 6.7984622, 7.8194507 ], [ 6.79788, 7.8190487 ], [ 6.7976586, 7.819819 ], [ 6.7980363, 7.8200629 ], [ 6.797771, 7.8204451 ], [ 6.7980857, 7.8205229 ] ], [ [ 6.7931941, 7.819955 ], [ 6.7934155, 7.8198943 ], [ 6.7932573, 7.8197349 ], [ 6.7931941, 7.819955 ], [ 6.7929728, 7.8200157 ], [ 6.7931309, 7.8201751 ], [ 6.7931941, 7.819955 ] ], [ [ 6.7958722, 7.8202117 ], [ 6.7960304, 7.820371 ], [ 6.7960936, 7.8201509 ], [ 6.7958722, 7.8202117 ] ], [ [ 6.799668, 7.8183026 ], [ 6.8004226, 7.8183049 ], [ 6.8002743, 7.8180034 ], [ 6.799668, 7.8183026 ] ], [ [ 6.7985993, 7.8174107 ], [ 6.7995402, 7.8176262 ], [ 6.7991914, 7.8170938 ], [ 6.7985993, 7.8174107 ] ], [ [ 6.7924766, 7.818505 ], [ 6.7922553, 7.8185657 ], [ 6.7924134, 7.8187251 ], [ 6.7924766, 7.818505 ] ], [ [ 6.7904978, 7.8156021 ], [ 6.7902765, 7.8156629 ], [ 6.7904346, 7.8158222 ], [ 6.7904978, 7.8156021 ] ], [ [ 6.7938548, 7.8156615 ], [ 6.7939439, 7.8152586 ], [ 6.793516, 7.8154896 ], [ 6.7938548, 7.8156615 ] ], [ [ 6.7843117, 7.8109827 ], [ 6.7848895, 7.8117685 ], [ 6.7859983, 7.8122279 ], [ 6.7863457, 7.8123263 ], [ 6.7863447, 7.8125071 ], [ 6.786526, 7.812508 ], [ 6.7867068, 7.8128691 ], [ 6.787067, 7.8130532 ], [ 6.787066, 7.813234 ], [ 6.7872473, 7.8132349 ], [ 6.7874888, 7.8133563 ], [ 6.7881527, 7.8134205 ], [ 6.7881517, 7.8136012 ], [ 6.788333, 7.8136022 ], [ 6.7886956, 7.8136041 ], [ 6.7888768, 7.813605 ], [ 6.7888778, 7.8134243 ], [ 6.7894473, 7.81336 ], [ 6.7896594, 7.8129955 ], [ 6.7894245, 7.8128848 ], [ 6.7894283, 7.8121617 ], [ 6.7894292, 7.8119809 ], [ 6.7892479, 7.8119799 ], [ 6.7892489, 7.8117992 ], [ 6.7892508, 7.8114376 ], [ 6.7890695, 7.8114367 ], [ 6.7890743, 7.8105328 ], [ 6.7890752, 7.810352 ], [ 6.788894, 7.8103511 ], [ 6.7886411, 7.8098812 ], [ 6.7883549, 7.8094443 ], [ 6.7883559, 7.8092635 ], [ 6.7881746, 7.8092626 ], [ 6.7881755, 7.8090818 ], [ 6.7881118, 7.8083893 ], [ 6.7877268, 7.8082287 ], [ 6.7873913, 7.8083646 ], [ 6.7876533, 7.8077399 ], [ 6.7873413, 7.8075672 ], [ 6.7872142, 7.807333 ], [ 6.7869162, 7.8072674 ], [ 6.7867349, 7.8072665 ], [ 6.7865536, 7.8072655 ], [ 6.7865527, 7.8074463 ], [ 6.7863714, 7.8074453 ], [ 6.7863705, 7.8076261 ], [ 6.7858285, 7.8072617 ], [ 6.7858295, 7.8070809 ], [ 6.7860205, 7.8069509 ], [ 6.7858343, 7.806177 ], [ 6.7858352, 7.8059963 ], [ 6.7856539, 7.8059953 ], [ 6.7854727, 7.8059944 ], [ 6.7852914, 7.8059934 ], [ 6.7848072, 7.8062324 ], [ 6.7847457, 7.8063521 ], [ 6.7843832, 7.8063502 ], [ 6.7843841, 7.8061695 ], [ 6.7842028, 7.8061685 ], [ 6.7839613, 7.8060472 ], [ 6.78366, 7.8059849 ], [ 6.7834274, 7.806074 ], [ 6.783659, 7.8061657 ], [ 6.7837306, 7.8066345 ], [ 6.7838355, 7.8070705 ], [ 6.7838346, 7.8072513 ], [ 6.7840159, 7.8072522 ], [ 6.7840149, 7.807433 ], [ 6.784014, 7.8076138 ], [ 6.7841952, 7.8076147 ], [ 6.7841943, 7.8077955 ], [ 6.7841933, 7.8079763 ], [ 6.7843746, 7.8079772 ], [ 6.7848039, 7.8086326 ], [ 6.7849127, 7.8090647 ], [ 6.7849117, 7.8092455 ], [ 6.785093, 7.8092465 ], [ 6.7850911, 7.809608 ], [ 6.7850901, 7.8097888 ], [ 6.7852714, 7.8097897 ], [ 6.7853763, 7.8102257 ], [ 6.785447, 7.8108753 ], [ 6.7850854, 7.8106927 ], [ 6.7850863, 7.8105119 ], [ 6.7849051, 7.8105109 ], [ 6.7842212, 7.8103491 ], [ 6.7843117, 7.8109827 ] ], [ [ 6.7870612, 7.8066069 ], [ 6.7872193, 7.8067663 ], [ 6.7872825, 7.8065462 ], [ 6.7870612, 7.8066069 ] ], [ [ 6.7867397, 7.8063626 ], [ 6.7865183, 7.8064233 ], [ 6.7866764, 7.8065827 ], [ 6.7867397, 7.8063626 ] ], [ [ 6.7839987, 7.8105062 ], [ 6.7837774, 7.8105669 ], [ 6.7839355, 7.8107263 ], [ 6.7839987, 7.8105062 ] ], [ [ 6.7816032, 7.8053781 ], [ 6.7819332, 7.8049715 ], [ 6.7822204, 7.8047447 ], [ 6.7820429, 7.8032647 ], [ 6.781271, 7.8033568 ], [ 6.7807607, 7.8042123 ], [ 6.7810488, 7.8049718 ], [ 6.7809991, 7.8053539 ], [ 6.7812163, 7.8053281 ], [ 6.7816032, 7.8053781 ] ], [ [ 6.7729738, 7.8043017 ], [ 6.7727525, 7.8043624 ], [ 6.7729106, 7.8045218 ], [ 6.7729738, 7.8043017 ] ], [ [ 6.766147, 7.7884309 ], [ 6.7667911, 7.787772 ], [ 6.7666403, 7.7875231 ], [ 6.7661861, 7.7876221 ], [ 6.766614, 7.7869743 ], [ 6.7664614, 7.7867994 ], [ 6.7662688, 7.7868414 ], [ 6.7659972, 7.7867791 ], [ 6.7655386, 7.7868792 ], [ 6.7654547, 7.7865456 ], [ 6.7648346, 7.7869678 ], [ 6.7652156, 7.7872297 ], [ 6.7655542, 7.7871559 ], [ 6.7657056, 7.787377 ], [ 6.7659192, 7.7875258 ], [ 6.766147, 7.7884309 ] ], [ [ 6.7670041, 7.7871157 ], [ 6.76743, 7.787341 ], [ 6.7672653, 7.7869167 ], [ 6.7670041, 7.7871157 ] ], [ [ 6.7633084, 7.7811109 ], [ 6.7631706, 7.7813838 ], [ 6.7634267, 7.7818954 ], [ 6.7634284, 7.7811723 ], [ 6.7633084, 7.7811109 ], [ 6.7633093, 7.7809302 ], [ 6.7635306, 7.7808695 ], [ 6.7633725, 7.7807101 ], [ 6.7633093, 7.7809302 ], [ 6.7630767, 7.7810193 ], [ 6.7633084, 7.7811109 ] ], [ [ 6.7652611, 7.7813639 ], [ 6.7654192, 7.7815233 ], [ 6.7654825, 7.7813032 ], [ 6.7652611, 7.7813639 ] ], [ [ 6.7637773, 7.7808742 ], [ 6.7641255, 7.7808328 ], [ 6.764472, 7.7808777 ], [ 6.7642194, 7.7802119 ], [ 6.7635924, 7.7807072 ], [ 6.7637773, 7.7808742 ] ], [ [ 6.7615732, 7.7788195 ], [ 6.7616478, 7.7791602 ], [ 6.7623769, 7.7795529 ], [ 6.7622742, 7.7790844 ], [ 6.7625231, 7.7785021 ], [ 6.7625996, 7.778034 ], [ 6.762492, 7.7781072 ], [ 6.7623261, 7.7783442 ], [ 6.7621184, 7.7780408 ], [ 6.7615732, 7.7788195 ] ], [ [ 6.7627379, 7.7786389 ], [ 6.762896, 7.7787983 ], [ 6.7629593, 7.7785782 ], [ 6.7627379, 7.7786389 ] ], [ [ 6.7562422, 7.7684716 ], [ 6.756581, 7.7686435 ], [ 6.7566701, 7.7682406 ], [ 6.7562422, 7.7684716 ] ], [ [ 6.757516, 7.7679231 ], [ 6.7575793, 7.7677031 ], [ 6.7573579, 7.7677638 ], [ 6.757516, 7.7679231 ] ], [ [ 6.7546841, 7.7667839 ], [ 6.754686, 7.7664223 ], [ 6.7549186, 7.7663332 ], [ 6.754687, 7.7662416 ], [ 6.7546098, 7.765935 ], [ 6.7542508, 7.7661654 ], [ 6.7534839, 7.7663574 ], [ 6.752764, 7.7668476 ], [ 6.7526894, 7.7669541 ], [ 6.7524109, 7.7668408 ], [ 6.752249, 7.7670555 ], [ 6.7518974, 7.7673134 ], [ 6.7520847, 7.7684341 ], [ 6.7525154, 7.7686573 ], [ 6.7523746, 7.7678149 ], [ 6.7526106, 7.7672381 ], [ 6.7526894, 7.7669541 ], [ 6.753054, 7.7670521 ], [ 6.7526099, 7.7681138 ], [ 6.7534537, 7.7674094 ], [ 6.7536719, 7.766854 ], [ 6.7539591, 7.7667801 ], [ 6.7538335, 7.7670617 ], [ 6.7540767, 7.7672188 ], [ 6.7538824, 7.7678947 ], [ 6.754482, 7.7675881 ], [ 6.754286, 7.7668779 ], [ 6.7546841, 7.7667839 ], [ 6.7545363, 7.7670765 ], [ 6.7550089, 7.7672152 ], [ 6.7548335, 7.7675685 ], [ 6.755166, 7.7674479 ], [ 6.7556208, 7.7665473 ], [ 6.7549269, 7.7666651 ], [ 6.7546841, 7.7667839 ] ], [ [ 6.7566425, 7.7659522 ], [ 6.7568006, 7.7661116 ], [ 6.7568639, 7.7658915 ], [ 6.7566425, 7.7659522 ] ], [ [ 6.7540666, 7.765798 ], [ 6.7543302, 7.765155 ], [ 6.7545932, 7.7649473 ], [ 6.7542687, 7.7625249 ], [ 6.7539821, 7.7624415 ], [ 6.753985, 7.7618992 ], [ 6.7541663, 7.7619001 ], [ 6.7541691, 7.7613578 ], [ 6.7541701, 7.761177 ], [ 6.7539889, 7.7611761 ], [ 6.7539898, 7.7609953 ], [ 6.7539004, 7.7607633 ], [ 6.7538086, 7.7609944 ], [ 6.753576, 7.7610835 ], [ 6.7538076, 7.7611751 ], [ 6.753733, 7.7612817 ], [ 6.7534384, 7.7624386 ], [ 6.7532572, 7.7624377 ], [ 6.7532562, 7.7626184 ], [ 6.7532543, 7.76298 ], [ 6.7533631, 7.7641472 ], [ 6.7531497, 7.7643285 ], [ 6.7530653, 7.7644252 ], [ 6.7530644, 7.764606 ], [ 6.7528831, 7.764605 ], [ 6.7528764, 7.7658704 ], [ 6.7530577, 7.7658714 ], [ 6.7528398, 7.7664157 ], [ 6.7534866, 7.7660312 ], [ 6.7540666, 7.765798 ] ], [ [ 6.7562839, 7.7652272 ], [ 6.756442, 7.7653866 ], [ 6.7565052, 7.7651665 ], [ 6.7562839, 7.7652272 ] ], [ [ 6.7559117, 7.7628529 ], [ 6.7559749, 7.7626328 ], [ 6.7557536, 7.7626935 ], [ 6.7559117, 7.7628529 ] ], [ [ 6.7557965, 7.7620895 ], [ 6.7553584, 7.7623878 ], [ 6.7556348, 7.7627046 ], [ 6.7557965, 7.7620895 ] ], [ [ 6.7556182, 7.7615462 ], [ 6.7553821, 7.7616455 ], [ 6.7555434, 7.7619567 ], [ 6.7556182, 7.7615462 ], [ 6.7558395, 7.7614855 ], [ 6.7556814, 7.7613262 ], [ 6.7556182, 7.7615462 ] ], [ [ 6.7525466, 7.7597222 ], [ 6.7522668, 7.7596387 ], [ 6.7520902, 7.7594244 ], [ 6.7519011, 7.7602541 ], [ 6.7515352, 7.7608836 ], [ 6.7513398, 7.7613265 ], [ 6.7513801, 7.7617423 ], [ 6.7506028, 7.7623249 ], [ 6.7506413, 7.7619671 ], [ 6.7505794, 7.7617991 ], [ 6.7502751, 7.7621607 ], [ 6.7499057, 7.7621211 ], [ 6.7496231, 7.7627618 ], [ 6.7508068, 7.7625056 ], [ 6.7509981, 7.762526 ], [ 6.7511663, 7.7623263 ], [ 6.7513604, 7.7623471 ], [ 6.7517097, 7.76215 ], [ 6.7521461, 7.7619882 ], [ 6.7524335, 7.7623697 ], [ 6.7520722, 7.762331 ], [ 6.7519053, 7.7625964 ], [ 6.7523058, 7.7628762 ], [ 6.7527163, 7.7618925 ], [ 6.7528436, 7.7618152 ], [ 6.7531535, 7.760841 ], [ 6.7527908, 7.7608771 ], [ 6.7527211, 7.7609886 ], [ 6.7525482, 7.7608811 ], [ 6.7528504, 7.7599808 ], [ 6.7526151, 7.7598345 ], [ 6.7525466, 7.7597222 ], [ 6.7529903, 7.7595982 ], [ 6.7527965, 7.7587393 ], [ 6.7522887, 7.7589724 ], [ 6.752452, 7.7591012 ], [ 6.7528062, 7.7590591 ], [ 6.7525466, 7.7597222 ] ], [ [ 6.7510899, 7.76098 ], [ 6.7508686, 7.7610407 ], [ 6.7510267, 7.7612001 ], [ 6.7510899, 7.76098 ] ], [ [ 6.7494539, 7.7618752 ], [ 6.7486538, 7.7620755 ], [ 6.7488327, 7.7628497 ], [ 6.7493783, 7.7621625 ], [ 6.7494539, 7.7618752 ] ], [ [ 6.7585993, 7.7607846 ], [ 6.7590151, 7.7605177 ], [ 6.7594505, 7.7606174 ], [ 6.7593215, 7.7600292 ], [ 6.7594714, 7.7593784 ], [ 6.7588493, 7.7597777 ], [ 6.7585643, 7.7593612 ], [ 6.7581642, 7.7599327 ], [ 6.7577397, 7.7601441 ], [ 6.757866, 7.7606195 ], [ 6.7585248, 7.7602961 ], [ 6.7585993, 7.7607846 ] ], [ [ 6.7556239, 7.7604616 ], [ 6.7564302, 7.760326 ], [ 6.7561943, 7.7598482 ], [ 6.7559072, 7.7602019 ], [ 6.755705, 7.7603616 ], [ 6.7556239, 7.7604616 ], [ 6.7554026, 7.7605223 ], [ 6.7555607, 7.7606817 ], [ 6.7556239, 7.7604616 ] ], [ [ 6.7538134, 7.7600905 ], [ 6.7535921, 7.7601512 ], [ 6.7537502, 7.7603106 ], [ 6.7538134, 7.7600905 ] ], [ [ 6.7530874, 7.7602674 ], [ 6.7528661, 7.7603281 ], [ 6.7530242, 7.7604875 ], [ 6.7530874, 7.7602674 ] ], [ [ 6.7559207, 7.7589 ], [ 6.7561644, 7.7592728 ], [ 6.7566561, 7.758756 ], [ 6.7565407, 7.7584779 ], [ 6.7559207, 7.7589 ] ], [ [ 6.7525283, 7.7631569 ], [ 6.7527496, 7.7630962 ], [ 6.7525916, 7.7629368 ], [ 6.7525283, 7.7631569 ], [ 6.7524011, 7.7632104 ], [ 6.7522911, 7.7634631 ], [ 6.7519278, 7.7636159 ], [ 6.7524596, 7.7637464 ], [ 6.7525283, 7.7631569 ] ], [ [ 6.7503543, 7.7629646 ], [ 6.750133, 7.7630254 ], [ 6.7502911, 7.7631847 ], [ 6.7503543, 7.7629646 ] ], [ [ 6.752513, 7.7660493 ], [ 6.7527343, 7.7659886 ], [ 6.7525762, 7.7658292 ], [ 6.752513, 7.7660493 ], [ 6.7520335, 7.7661221 ], [ 6.7515597, 7.7668393 ], [ 6.7524364, 7.7665174 ], [ 6.752513, 7.7660493 ] ], [ [ 6.7513552, 7.7665037 ], [ 6.7512442, 7.7660426 ], [ 6.7506839, 7.7664241 ], [ 6.750551, 7.7670009 ], [ 6.7509015, 7.7670812 ], [ 6.7513552, 7.7665037 ] ], [ [ 6.7555483, 7.7672119 ], [ 6.7557064, 7.7673713 ], [ 6.7557697, 7.7671512 ], [ 6.7555483, 7.7672119 ] ], [ [ 6.7504961, 7.7703773 ], [ 6.7504981, 7.7700157 ], [ 6.750499, 7.769835 ], [ 6.7503178, 7.769834 ], [ 6.7502088, 7.7695974 ], [ 6.7501346, 7.7701946 ], [ 6.7499163, 7.7706268 ], [ 6.7501317, 7.7707369 ], [ 6.7501308, 7.7709177 ], [ 6.7499495, 7.7709167 ], [ 6.7499485, 7.7710975 ], [ 6.7497673, 7.7710965 ], [ 6.7497663, 7.7712773 ], [ 6.7497644, 7.7716389 ], [ 6.7495832, 7.7716379 ], [ 6.7495822, 7.7718187 ], [ 6.7495783, 7.7725418 ], [ 6.7495774, 7.7727225 ], [ 6.7493961, 7.7727216 ], [ 6.7493952, 7.7729023 ], [ 6.7491005, 7.7740593 ], [ 6.749023, 7.7747081 ], [ 6.7488418, 7.7747072 ], [ 6.7488398, 7.7750687 ], [ 6.7488331, 7.7763341 ], [ 6.7488312, 7.7766957 ], [ 6.7490124, 7.7766966 ], [ 6.7490086, 7.7774197 ], [ 6.7490076, 7.7776005 ], [ 6.7491889, 7.7776015 ], [ 6.7492604, 7.7780703 ], [ 6.7493653, 7.7785063 ], [ 6.7493643, 7.7786871 ], [ 6.7493614, 7.7792294 ], [ 6.7493605, 7.7794102 ], [ 6.7495417, 7.7794111 ], [ 6.7495398, 7.7797727 ], [ 6.7495388, 7.7799534 ], [ 6.7497201, 7.7799544 ], [ 6.7497191, 7.7801352 ], [ 6.7499004, 7.7801361 ], [ 6.7498994, 7.7803169 ], [ 6.7497182, 7.7803159 ], [ 6.7495369, 7.780315 ], [ 6.749534, 7.7808573 ], [ 6.7495311, 7.7813996 ], [ 6.7497124, 7.7814006 ], [ 6.7497712, 7.781887 ], [ 6.7501791, 7.7827076 ], [ 6.7502532, 7.7819458 ], [ 6.7502542, 7.781765 ], [ 6.7500729, 7.781764 ], [ 6.7500749, 7.7814025 ], [ 6.7502561, 7.7814035 ], [ 6.7502571, 7.7812227 ], [ 6.7502629, 7.7801381 ], [ 6.7504441, 7.780139 ], [ 6.7504451, 7.7799582 ], [ 6.7508115, 7.7792371 ], [ 6.7509927, 7.779238 ], [ 6.7509937, 7.7790573 ], [ 6.7511749, 7.7790582 ], [ 6.7513562, 7.7790592 ], [ 6.7513571, 7.7788784 ], [ 6.7513581, 7.7786976 ], [ 6.7513591, 7.7785169 ], [ 6.7511778, 7.7785159 ], [ 6.7511788, 7.7783351 ], [ 6.7511817, 7.7777928 ], [ 6.7515442, 7.7777947 ], [ 6.7515461, 7.7774332 ], [ 6.7511836, 7.7774313 ], [ 6.7511971, 7.7749005 ], [ 6.751198, 7.7747197 ], [ 6.751105, 7.7739124 ], [ 6.7509152, 7.7714928 ], [ 6.7506726, 7.7712821 ], [ 6.7506735, 7.7711013 ], [ 6.750311, 7.7710994 ], [ 6.750312, 7.7709186 ], [ 6.750313, 7.7707379 ], [ 6.7504942, 7.7707388 ], [ 6.7504961, 7.7703773 ] ], [ [ 6.7459589, 7.775422 ], [ 6.7457596, 7.7748716 ], [ 6.7447664, 7.7754357 ], [ 6.7455513, 7.7757684 ], [ 6.7459589, 7.775422 ] ], [ [ 6.7461143, 7.7763197 ], [ 6.7465423, 7.7760887 ], [ 6.7462035, 7.7759168 ], [ 6.7461143, 7.7763197 ], [ 6.7456864, 7.7765507 ], [ 6.7460252, 7.7767226 ], [ 6.7461143, 7.7763197 ] ], [ [ 6.7459302, 7.7768611 ], [ 6.7456941, 7.7769604 ], [ 6.7458554, 7.7772715 ], [ 6.7459302, 7.7768611 ] ], [ [ 6.7487561, 7.7793462 ], [ 6.7488196, 7.778865 ], [ 6.7486933, 7.7789278 ], [ 6.7484263, 7.7794659 ], [ 6.7487561, 7.7793462 ] ], [ [ 6.7471153, 7.7823845 ], [ 6.7470728, 7.7827452 ], [ 6.7472622, 7.7829221 ], [ 6.7469233, 7.7841844 ], [ 6.7470736, 7.7840113 ], [ 6.7475411, 7.7832977 ], [ 6.7480714, 7.7831996 ], [ 6.7481423, 7.783785 ], [ 6.7484677, 7.7831293 ], [ 6.7482537, 7.7830198 ], [ 6.7481377, 7.7823959 ], [ 6.7478031, 7.7827522 ], [ 6.7471153, 7.7823845 ] ], [ [ 6.7468027, 7.7831929 ], [ 6.7463539, 7.7833285 ], [ 6.7466083, 7.7838091 ], [ 6.7468027, 7.7831929 ] ], [ [ 6.747471, 7.7836313 ], [ 6.7477885, 7.7837892 ], [ 6.7478882, 7.7835602 ], [ 6.747471, 7.7836313 ] ], [ [ 6.7442506, 7.785891 ], [ 6.7440293, 7.7859517 ], [ 6.7441874, 7.7861111 ], [ 6.7442506, 7.785891 ] ], [ [ 6.7551047, 7.7899257 ], [ 6.7551057, 7.789745 ], [ 6.7549244, 7.789744 ], [ 6.7544961, 7.7893982 ], [ 6.7547461, 7.7892007 ], [ 6.7549787, 7.7891116 ], [ 6.754747, 7.7890199 ], [ 6.7546576, 7.7887879 ], [ 6.7545658, 7.789019 ], [ 6.7543845, 7.789018 ], [ 6.7543826, 7.7893796 ], [ 6.75415, 7.7894687 ], [ 6.7543816, 7.7895603 ], [ 6.7543807, 7.7897411 ], [ 6.754148, 7.7898303 ], [ 6.7543797, 7.7899219 ], [ 6.7543768, 7.7904642 ], [ 6.7543759, 7.790645 ], [ 6.7543749, 7.7908258 ], [ 6.7543739, 7.7910065 ], [ 6.7545552, 7.7910075 ], [ 6.7548441, 7.7911526 ], [ 6.7549792, 7.7908897 ], [ 6.7550999, 7.7908296 ], [ 6.7551893, 7.7910616 ], [ 6.7552812, 7.7908306 ], [ 6.7555138, 7.7907414 ], [ 6.7552821, 7.7906498 ], [ 6.7552831, 7.790469 ], [ 6.7552238, 7.7901679 ], [ 6.7551047, 7.7899257 ] ], [ [ 6.7452471, 7.7899852 ], [ 6.7453198, 7.7893314 ], [ 6.7451925, 7.7894087 ], [ 6.7449657, 7.7901216 ], [ 6.7452471, 7.7899852 ] ], [ [ 6.7491184, 7.7907979 ], [ 6.7483145, 7.7908915 ], [ 6.7482128, 7.7915538 ], [ 6.7487733, 7.7916395 ], [ 6.7491184, 7.7907979 ] ], [ [ 6.7451288, 7.7911382 ], [ 6.7450025, 7.7912011 ], [ 6.7447018, 7.7918069 ], [ 6.7450644, 7.7918002 ], [ 6.7451288, 7.7911382 ] ], [ [ 6.7440403, 7.7913132 ], [ 6.743819, 7.7913739 ], [ 6.7439771, 7.7915332 ], [ 6.7440403, 7.7913132 ] ], [ [ 6.7431331, 7.7914891 ], [ 6.7429117, 7.7915498 ], [ 6.7430698, 7.7917092 ], [ 6.7431331, 7.7914891 ] ], [ [ 6.7525971, 7.7919417 ], [ 6.7522987, 7.7923679 ], [ 6.7519349, 7.7926156 ], [ 6.7521456, 7.7927766 ], [ 6.752751, 7.7923645 ], [ 6.75292, 7.7917219 ], [ 6.7525971, 7.7919417 ] ], [ [ 6.7505588, 7.7926133 ], [ 6.7515405, 7.7923676 ], [ 6.7506343, 7.7920773 ], [ 6.7502477, 7.7923405 ], [ 6.7504854, 7.792506 ], [ 6.7505588, 7.7926133 ], [ 6.7502569, 7.7926724 ], [ 6.7495314, 7.7930273 ], [ 6.7494684, 7.7931498 ], [ 6.7492471, 7.7932105 ], [ 6.7494051, 7.7933699 ], [ 6.7494684, 7.7931498 ], [ 6.7497553, 7.7932718 ], [ 6.7504096, 7.7928264 ], [ 6.7505588, 7.7926133 ] ], [ [ 6.7501386, 7.792008 ], [ 6.7502002, 7.7918883 ], [ 6.7495951, 7.7919611 ], [ 6.7497292, 7.7922118 ], [ 6.7501386, 7.792008 ] ], [ [ 6.7482063, 7.7918777 ], [ 6.7477784, 7.7921087 ], [ 6.7481172, 7.7922806 ], [ 6.7482063, 7.7918777 ] ], [ [ 6.7431302, 7.7920314 ], [ 6.7430408, 7.7917994 ], [ 6.7429489, 7.7920305 ], [ 6.7426977, 7.792183 ], [ 6.7430426, 7.7929922 ], [ 6.7431292, 7.7922122 ], [ 6.7433618, 7.7921231 ], [ 6.7431302, 7.7920314 ] ], [ [ 6.747259, 7.7921153 ], [ 6.7474171, 7.7922747 ], [ 6.7474803, 7.7920546 ], [ 6.747259, 7.7921153 ] ], [ [ 6.7460225, 7.7934931 ], [ 6.7458982, 7.7930504 ], [ 6.7455893, 7.793367 ], [ 6.7460225, 7.7934931 ], [ 6.7460834, 7.7937138 ], [ 6.7462432, 7.7935561 ], [ 6.7460225, 7.7934931 ] ], [ [ 6.7429421, 7.7932959 ], [ 6.742504, 7.7935941 ], [ 6.7427803, 7.7939109 ], [ 6.7429421, 7.7932959 ] ], [ [ 6.7447952, 7.7939462 ], [ 6.7444296, 7.7945139 ], [ 6.7445273, 7.7950217 ], [ 6.7444058, 7.7956185 ], [ 6.7447398, 7.7960885 ], [ 6.7449986, 7.7957324 ], [ 6.745255, 7.7955512 ], [ 6.7454693, 7.7944993 ], [ 6.7451847, 7.7948295 ], [ 6.7449896, 7.7955516 ], [ 6.7450044, 7.7946478 ], [ 6.7452271, 7.7943021 ], [ 6.7449331, 7.7938488 ], [ 6.7447952, 7.7939462 ] ], [ [ 6.7492775, 7.7949566 ], [ 6.7492765, 7.7951374 ], [ 6.7487327, 7.7951345 ], [ 6.7487298, 7.7956768 ], [ 6.7489111, 7.7956777 ], [ 6.7488495, 7.7957975 ], [ 6.7484875, 7.7959777 ], [ 6.7483644, 7.7962172 ], [ 6.7479405, 7.7963002 ], [ 6.748074, 7.7965395 ], [ 6.7483634, 7.7963979 ], [ 6.7484736, 7.7968556 ], [ 6.7481764, 7.7974816 ], [ 6.7476326, 7.7974787 ], [ 6.7476316, 7.7976595 ], [ 6.7471986, 7.7979224 ], [ 6.748029, 7.7982729 ], [ 6.7482063, 7.7979468 ], [ 6.7477001, 7.7977717 ], [ 6.7476316, 7.7976595 ], [ 6.7481754, 7.7976624 ], [ 6.7481764, 7.7974816 ], [ 6.7482832, 7.797556 ], [ 6.7484301, 7.7977707 ], [ 6.7486438, 7.7979195 ], [ 6.7487895, 7.7983555 ], [ 6.748302, 7.7982437 ], [ 6.7481696, 7.798747 ], [ 6.7479483, 7.7988077 ], [ 6.7481064, 7.7989671 ], [ 6.7481696, 7.798747 ], [ 6.7489429, 7.7986635 ], [ 6.7493347, 7.7981039 ], [ 6.7495499, 7.7979574 ], [ 6.7496245, 7.7978509 ], [ 6.7498458, 7.7977902 ], [ 6.7496877, 7.7976308 ], [ 6.7496245, 7.7978509 ], [ 6.7493653, 7.7976257 ], [ 6.7491815, 7.7972091 ], [ 6.7488399, 7.7969124 ], [ 6.7498096, 7.7971287 ], [ 6.7498705, 7.7973495 ], [ 6.7500303, 7.7971918 ], [ 6.7498096, 7.7971287 ], [ 6.7497504, 7.7968276 ], [ 6.7494934, 7.7965014 ], [ 6.7496307, 7.7962248 ], [ 6.7492717, 7.7960412 ], [ 6.7493778, 7.7958715 ], [ 6.749798, 7.7960044 ], [ 6.7500683, 7.795572 ], [ 6.7503081, 7.7954264 ], [ 6.7505924, 7.7945331 ], [ 6.7502544, 7.7946691 ], [ 6.750115, 7.7948921 ], [ 6.7492775, 7.7949566 ], [ 6.7494005, 7.7947171 ], [ 6.7496419, 7.794597 ], [ 6.7497415, 7.7948325 ], [ 6.7500534, 7.7946716 ], [ 6.7496419, 7.794597 ], [ 6.7500535, 7.793983 ], [ 6.7497184, 7.7941289 ], [ 6.7489981, 7.7947215 ], [ 6.7487898, 7.794157 ], [ 6.7486237, 7.7943096 ], [ 6.7486873, 7.7945995 ], [ 6.7480096, 7.7947691 ], [ 6.7478979, 7.7943048 ], [ 6.7481201, 7.7941535 ], [ 6.7482693, 7.7939404 ], [ 6.748377, 7.7938671 ], [ 6.7484378, 7.7940879 ], [ 6.7485976, 7.7939302 ], [ 6.748377, 7.7938671 ], [ 6.7483779, 7.7936864 ], [ 6.748998, 7.7932642 ], [ 6.7484724, 7.7931083 ], [ 6.7483779, 7.7936864 ], [ 6.7475899, 7.7937715 ], [ 6.747326, 7.7941709 ], [ 6.7473996, 7.7945068 ], [ 6.7466655, 7.7950066 ], [ 6.7468338, 7.7956873 ], [ 6.7474602, 7.7947928 ], [ 6.7478274, 7.7949489 ], [ 6.7478264, 7.7951296 ], [ 6.7480077, 7.7951306 ], [ 6.7481396, 7.7955763 ], [ 6.7486076, 7.7950404 ], [ 6.7492775, 7.7949566 ] ], [ [ 6.7463754, 7.7953027 ], [ 6.7459372, 7.795601 ], [ 6.7462136, 7.7959177 ], [ 6.7463754, 7.7953027 ] ], [ [ 6.7463324, 7.7959067 ], [ 6.7464905, 7.7960661 ], [ 6.7465537, 7.795846 ], [ 6.7463324, 7.7959067 ] ], [ [ 6.7465518, 7.7962075 ], [ 6.7462623, 7.7962821 ], [ 6.7460417, 7.7973649 ], [ 6.7465098, 7.7972027 ], [ 6.7463918, 7.79659 ], [ 6.7465518, 7.7962075 ] ], [ [ 6.7402068, 7.7963545 ], [ 6.7405693, 7.7963564 ], [ 6.7405683, 7.7965372 ], [ 6.7411121, 7.7965401 ], [ 6.741115, 7.7959978 ], [ 6.7405712, 7.7959949 ], [ 6.7405703, 7.7961756 ], [ 6.7402077, 7.7961737 ], [ 6.7402068, 7.7963545 ], [ 6.7399854, 7.7964152 ], [ 6.7401435, 7.7965745 ], [ 6.7402068, 7.7963545 ] ], [ [ 6.7416177, 7.7962431 ], [ 6.7417758, 7.7964025 ], [ 6.7418391, 7.7961824 ], [ 6.7416177, 7.7962431 ] ], [ [ 6.7394808, 7.7965314 ], [ 6.7388621, 7.7966862 ], [ 6.7390481, 7.7973153 ], [ 6.7394808, 7.7965314 ] ], [ [ 6.7396072, 7.7966326 ], [ 6.7397685, 7.7969437 ], [ 6.7398433, 7.7965333 ], [ 6.7396072, 7.7966326 ] ], [ [ 6.7416158, 7.7966047 ], [ 6.7417739, 7.796764 ], [ 6.7418371, 7.796544 ], [ 6.7416158, 7.7966047 ] ], [ [ 6.7474161, 7.7966356 ], [ 6.7475742, 7.7967949 ], [ 6.7476374, 7.7965749 ], [ 6.7474161, 7.7966356 ] ], [ [ 6.7421948, 7.7974497 ], [ 6.7419735, 7.7975105 ], [ 6.7421316, 7.7976698 ], [ 6.7421948, 7.7974497 ] ], [ [ 6.7463227, 7.7977144 ], [ 6.7464808, 7.7978738 ], [ 6.7465441, 7.7976537 ], [ 6.7463227, 7.7977144 ] ], [ [ 6.7469037, 7.798198 ], [ 6.747125, 7.7981372 ], [ 6.7469669, 7.7979779 ], [ 6.7469037, 7.798198 ], [ 6.7466823, 7.7982587 ], [ 6.7468404, 7.798418 ], [ 6.7469037, 7.798198 ] ], [ [ 6.7454456, 7.7983195 ], [ 6.7449626, 7.7982088 ], [ 6.7450882, 7.7987306 ], [ 6.7451776, 7.7989626 ], [ 6.7452694, 7.7987316 ], [ 6.7454456, 7.7983195 ] ], [ [ 6.7471842, 7.7987613 ], [ 6.7476101, 7.7989867 ], [ 6.7474455, 7.7985624 ], [ 6.7471842, 7.7987613 ] ], [ [ 6.7501635, 7.7987576 ], [ 6.7502716, 7.7989736 ], [ 6.7507072, 7.7987605 ], [ 6.7507975, 7.7993223 ], [ 6.7513769, 7.7988973 ], [ 6.7510994, 7.7981982 ], [ 6.7515162, 7.7975346 ], [ 6.7510382, 7.7976424 ], [ 6.7505341, 7.7984857 ], [ 6.7501635, 7.7987576 ], [ 6.7501026, 7.7985369 ], [ 6.7499428, 7.7986946 ], [ 6.7501635, 7.7987576 ] ], [ [ 6.7516107, 7.7993077 ], [ 6.7513893, 7.7993684 ], [ 6.7515474, 7.7995277 ], [ 6.7516107, 7.7993077 ], [ 6.7520279, 7.7992366 ], [ 6.7517104, 7.7990786 ], [ 6.7516107, 7.7993077 ] ], [ [ 6.7522726, 7.7997313 ], [ 6.7527826, 7.799992 ], [ 6.7531782, 7.7998019 ], [ 6.7532439, 7.7989548 ], [ 6.7528421, 7.7990335 ], [ 6.7526248, 7.7994563 ], [ 6.7524048, 7.7993477 ], [ 6.7522726, 7.7997313 ] ], [ [ 6.7488888, 7.7998355 ], [ 6.7482702, 7.7999903 ], [ 6.7485852, 7.8002691 ], [ 6.7488888, 7.7998355 ] ], [ [ 6.7552349, 7.7995077 ], [ 6.7543114, 7.7996179 ], [ 6.7539226, 7.8006108 ], [ 6.7546061, 7.8003278 ], [ 6.7548705, 7.7998673 ], [ 6.7551119, 7.7997471 ], [ 6.7552349, 7.7995077 ], [ 6.7554563, 7.799447 ], [ 6.7552982, 7.7992876 ], [ 6.7552349, 7.7995077 ] ], [ [ 6.7470733, 7.8003682 ], [ 6.746852, 7.8004289 ], [ 6.7470101, 7.8005883 ], [ 6.7470733, 7.8003682 ] ], [ [ 6.750073, 7.8009048 ], [ 6.75041, 7.8011717 ], [ 6.7505163, 7.8005673 ], [ 6.750073, 7.8009048 ] ], [ [ 6.7535577, 7.8006453 ], [ 6.7537158, 7.8008047 ], [ 6.753779, 7.8005846 ], [ 6.7535577, 7.8006453 ] ], [ [ 6.7483402, 7.8007365 ], [ 6.7481189, 7.8007972 ], [ 6.748277, 7.8009566 ], [ 6.7483402, 7.8007365 ] ], [ [ 6.754285, 7.7994164 ], [ 6.7541493, 7.7991404 ], [ 6.7539065, 7.7992612 ], [ 6.7540669, 7.799743 ], [ 6.754285, 7.7994164 ] ], [ [ 6.7522156, 7.7982817 ], [ 6.752961, 7.7977141 ], [ 6.7530714, 7.7973269 ], [ 6.7527874, 7.7974041 ], [ 6.7522595, 7.7976078 ], [ 6.7519825, 7.7975655 ], [ 6.7516467, 7.7976132 ], [ 6.7517468, 7.7983141 ], [ 6.7516384, 7.7990192 ], [ 6.7522156, 7.7982817 ] ], [ [ 6.7510775, 7.7973163 ], [ 6.7508562, 7.797377 ], [ 6.7510143, 7.7975363 ], [ 6.7510775, 7.7973163 ] ], [ [ 6.7507159, 7.7971336 ], [ 6.7504798, 7.7972329 ], [ 6.7506411, 7.797544 ], [ 6.7507159, 7.7971336 ] ], [ [ 6.7510794, 7.7969547 ], [ 6.7508581, 7.7970154 ], [ 6.7510162, 7.7971748 ], [ 6.7510794, 7.7969547 ], [ 6.7515074, 7.7967237 ], [ 6.7511686, 7.7965518 ], [ 6.7510794, 7.7969547 ] ], [ [ 6.7526389, 7.7968315 ], [ 6.7527137, 7.7964211 ], [ 6.7524775, 7.7965204 ], [ 6.7526389, 7.7968315 ] ], [ [ 6.7530043, 7.7962911 ], [ 6.7530791, 7.7958807 ], [ 6.752843, 7.79598 ], [ 6.7530043, 7.7962911 ] ], [ [ 6.7521718, 7.7960566 ], [ 6.7517546, 7.7961277 ], [ 6.7520721, 7.7962856 ], [ 6.7521718, 7.7960566 ] ], [ [ 6.7530072, 7.7957488 ], [ 6.753082, 7.7953384 ], [ 6.7528459, 7.7954376 ], [ 6.7530072, 7.7957488 ] ], [ [ 6.7528755, 7.795146 ], [ 6.7526615, 7.7945706 ], [ 6.7531534, 7.7942943 ], [ 6.7529934, 7.793652 ], [ 6.7526852, 7.7935342 ], [ 6.752855, 7.7939907 ], [ 6.7524272, 7.7944966 ], [ 6.7523589, 7.794973 ], [ 6.7519292, 7.7952143 ], [ 6.7522815, 7.7954796 ], [ 6.7528755, 7.795146 ] ], [ [ 6.7494655, 7.7936921 ], [ 6.7492294, 7.7937914 ], [ 6.7493907, 7.7941026 ], [ 6.7494655, 7.7936921 ] ], [ [ 6.7521352, 7.7945224 ], [ 6.7520002, 7.7942479 ], [ 6.751669, 7.7943128 ], [ 6.7519382, 7.7948507 ], [ 6.7521352, 7.7945224 ] ], [ [ 6.7452965, 7.79367 ], [ 6.7450752, 7.7937307 ], [ 6.7452333, 7.79389 ], [ 6.7452965, 7.79367 ] ], [ [ 6.7458374, 7.7942152 ], [ 6.7456013, 7.7943145 ], [ 6.7457626, 7.7946256 ], [ 6.7458374, 7.7942152 ] ], [ [ 6.7466888, 7.7943203 ], [ 6.7468502, 7.7946314 ], [ 6.746925, 7.794221 ], [ 6.7466888, 7.7943203 ] ], [ [ 6.7555422, 7.7928713 ], [ 6.7556341, 7.7926402 ], [ 6.7558667, 7.7925511 ], [ 6.755635, 7.7924594 ], [ 6.7555456, 7.7922274 ], [ 6.7554538, 7.7924585 ], [ 6.7554528, 7.7926393 ], [ 6.7555422, 7.7928713 ] ], [ [ 6.7549138, 7.7917325 ], [ 6.755274, 7.7921697 ], [ 6.7556389, 7.7917363 ], [ 6.7558715, 7.7916472 ], [ 6.7556398, 7.7915556 ], [ 6.7555505, 7.7913236 ], [ 6.7554586, 7.7915546 ], [ 6.755097, 7.7913719 ], [ 6.7549158, 7.791371 ], [ 6.7549148, 7.7915517 ], [ 6.754493, 7.7916399 ], [ 6.7549138, 7.7917325 ] ], [ [ 6.7494399, 7.7910422 ], [ 6.749598, 7.7912016 ], [ 6.7496612, 7.7909815 ], [ 6.7494399, 7.7910422 ] ], [ [ 6.7512327, 7.8021981 ], [ 6.751111, 7.8024389 ], [ 6.7510485, 7.8027394 ], [ 6.7509409, 7.8028127 ], [ 6.7507171, 7.8031323 ], [ 6.7503877, 7.8033565 ], [ 6.7504302, 7.8035504 ], [ 6.7503167, 7.804001 ], [ 6.7503157, 7.8041818 ], [ 6.7501345, 7.8041808 ], [ 6.7501335, 7.8043616 ], [ 6.7499522, 7.8043606 ], [ 6.7499513, 7.8045414 ], [ 6.7500397, 7.804962 ], [ 6.7501325, 7.8045423 ], [ 6.7503138, 7.8045433 ], [ 6.7504504, 7.8050864 ], [ 6.7509447, 7.8051996 ], [ 6.7515774, 7.8050617 ], [ 6.7513454, 7.8060689 ], [ 6.7516825, 7.805923 ], [ 6.7521226, 7.805276 ], [ 6.7523552, 7.8051869 ], [ 6.7521235, 7.8050953 ], [ 6.7520185, 7.8048182 ], [ 6.7523885, 7.804526 ], [ 6.7522233, 7.8044511 ], [ 6.7518314, 7.8044976 ], [ 6.7521322, 7.8034683 ], [ 6.752426, 7.803401 ], [ 6.7526108, 7.8031054 ], [ 6.7533921, 7.8028445 ], [ 6.7531561, 7.802458 ], [ 6.7525005, 7.8023856 ], [ 6.7525696, 7.8020917 ], [ 6.7530295, 7.801943 ], [ 6.7527394, 7.8017694 ], [ 6.7529263, 7.8012359 ], [ 6.7523069, 7.8014689 ], [ 6.7517103, 7.8019526 ], [ 6.7512327, 7.8021981 ], [ 6.7513213, 7.8019239 ], [ 6.7516083, 7.80139 ], [ 6.7508324, 7.8018593 ], [ 6.750296, 7.8026278 ], [ 6.7509569, 7.8022836 ], [ 6.7512327, 7.8021981 ] ], [ [ 6.7501374, 7.8036385 ], [ 6.749916, 7.8036992 ], [ 6.7500741, 7.8038586 ], [ 6.7501374, 7.8036385 ] ], [ [ 6.7506705, 7.8056299 ], [ 6.7504492, 7.8056906 ], [ 6.7506073, 7.8058499 ], [ 6.7506705, 7.8056299 ] ], [ [ 6.7546564, 7.8060126 ], [ 6.754455, 7.8066206 ], [ 6.7541223, 7.8059274 ], [ 6.7537472, 7.8065501 ], [ 6.7533675, 7.8068501 ], [ 6.7532356, 7.8078631 ], [ 6.7538304, 7.8079401 ], [ 6.7541206, 7.8072634 ], [ 6.7549177, 7.8066346 ], [ 6.7551126, 7.8066598 ], [ 6.7554758, 7.8064495 ], [ 6.7556549, 7.8068797 ], [ 6.7559062, 7.8049487 ], [ 6.7556593, 7.8046379 ], [ 6.7551885, 7.8054018 ], [ 6.7547575, 7.8059328 ], [ 6.7546564, 7.8060126 ], [ 6.7545955, 7.8057919 ], [ 6.7544357, 7.8059496 ], [ 6.7546564, 7.8060126 ] ], [ [ 6.7526606, 7.8063636 ], [ 6.7524161, 7.8064903 ], [ 6.7525798, 7.8069588 ], [ 6.7526606, 7.8063636 ] ], [ [ 6.7557353, 7.8076453 ], [ 6.7553074, 7.8078763 ], [ 6.7556461, 7.8080483 ], [ 6.7557353, 7.8076453 ], [ 6.756354, 7.8074905 ], [ 6.7561489, 7.8070547 ], [ 6.7557353, 7.8076453 ] ], [ [ 6.7580918, 7.8076579 ], [ 6.7581944, 7.8073837 ], [ 6.7579917, 7.8072077 ], [ 6.7583628, 7.8065526 ], [ 6.7579501, 7.8063653 ], [ 6.7576487, 7.8070295 ], [ 6.7565874, 7.807264 ], [ 6.7559242, 7.8089793 ], [ 6.7549549, 7.8092647 ], [ 6.7548997, 7.8099069 ], [ 6.7554796, 7.8101686 ], [ 6.755409, 7.8109893 ], [ 6.7558982, 7.811081 ], [ 6.7554447, 7.8120938 ], [ 6.7561064, 7.8120394 ], [ 6.7563994, 7.8112383 ], [ 6.7558982, 7.811081 ], [ 6.755946, 7.8107657 ], [ 6.7566652, 7.8106651 ], [ 6.7563995, 7.8104065 ], [ 6.7560834, 7.8103589 ], [ 6.7561994, 7.8102159 ], [ 6.7567926, 7.8102927 ], [ 6.7579545, 7.8088596 ], [ 6.7575422, 7.8087396 ], [ 6.7576135, 7.8086298 ], [ 6.7580268, 7.8084873 ], [ 6.7578414, 7.8078158 ], [ 6.7580918, 7.8076579 ], [ 6.758163, 7.808074 ], [ 6.7583214, 7.8077573 ], [ 6.7580918, 7.8076579 ] ], [ [ 6.7583736, 7.8064479 ], [ 6.7586695, 7.8068265 ], [ 6.7588255, 7.8060347 ], [ 6.7583736, 7.8064479 ] ], [ [ 6.7561056, 7.8062011 ], [ 6.7558842, 7.8062618 ], [ 6.7560423, 7.8064212 ], [ 6.7561056, 7.8062011 ] ], [ [ 6.7562468, 7.8062637 ], [ 6.7564049, 7.8064231 ], [ 6.7564681, 7.806203 ], [ 6.7562468, 7.8062637 ] ], [ [ 6.7515507, 7.8105156 ], [ 6.7511228, 7.8107465 ], [ 6.7514616, 7.8109185 ], [ 6.7515507, 7.8105156 ] ], [ [ 6.7519104, 7.8110598 ], [ 6.7518495, 7.8108391 ], [ 6.7516897, 7.8109967 ], [ 6.7519104, 7.8110598 ], [ 6.7519712, 7.8112805 ], [ 6.752131, 7.8111229 ], [ 6.7519104, 7.8110598 ] ], [ [ 6.7525944, 7.8113061 ], [ 6.7527525, 7.8114655 ], [ 6.7528157, 7.8112454 ], [ 6.7525944, 7.8113061 ] ], [ [ 6.7517262, 7.8116012 ], [ 6.7515049, 7.8116619 ], [ 6.751663, 7.8118212 ], [ 6.7517262, 7.8116012 ] ], [ [ 6.758922, 7.8117399 ], [ 6.7590834, 7.8120511 ], [ 6.7591582, 7.8116406 ], [ 6.758922, 7.8117399 ] ], [ [ 6.7586153, 7.811457 ], [ 6.7587047, 7.811689 ], [ 6.7587966, 7.8114579 ], [ 6.7590411, 7.8113312 ], [ 6.7588774, 7.8108627 ], [ 6.7587966, 7.8114579 ], [ 6.7586153, 7.811457 ], [ 6.7585056, 7.811021 ], [ 6.7579987, 7.8112271 ], [ 6.7581482, 7.8115688 ], [ 6.7586153, 7.811457 ] ], [ [ 6.7609095, 7.8115088 ], [ 6.7609728, 7.8112887 ], [ 6.7607514, 7.8113494 ], [ 6.7609095, 7.8115088 ] ], [ [ 6.7580249, 7.8108211 ], [ 6.7577458, 7.8106267 ], [ 6.7578264, 7.810277 ], [ 6.7577177, 7.8098252 ], [ 6.7574913, 7.8099793 ], [ 6.757341, 7.8106318 ], [ 6.7576467, 7.8110785 ], [ 6.7580249, 7.8108211 ] ], [ [ 6.7524518, 7.8040742 ], [ 6.7526099, 7.8042336 ], [ 6.7526731, 7.8040135 ], [ 6.7524518, 7.8040742 ] ], [ [ 6.7573879, 7.803677 ], [ 6.7571666, 7.8037377 ], [ 6.7573247, 7.8038971 ], [ 6.7573879, 7.803677 ], [ 6.7576092, 7.8036163 ], [ 6.7574511, 7.8034569 ], [ 6.7573879, 7.803677 ] ], [ [ 6.7499667, 7.801649 ], [ 6.7501881, 7.8015883 ], [ 6.75003, 7.8014289 ], [ 6.7499667, 7.801649 ], [ 6.7496042, 7.8016471 ], [ 6.7496032, 7.8018279 ], [ 6.7491761, 7.8019171 ], [ 6.7493743, 7.8022392 ], [ 6.7496032, 7.8018279 ], [ 6.7499658, 7.8018298 ], [ 6.7499667, 7.801649 ] ], [ [ 6.7571724, 7.8026531 ], [ 6.7573305, 7.8028124 ], [ 6.7573937, 7.8025924 ], [ 6.7571724, 7.8026531 ] ], [ [ 6.7575798, 7.8016894 ], [ 6.7571625, 7.8017605 ], [ 6.7574801, 7.8019185 ], [ 6.7575798, 7.8016894 ], [ 6.7578011, 7.8016287 ], [ 6.757643, 7.8014694 ], [ 6.7575798, 7.8016894 ] ], [ [ 6.7589705, 7.8011941 ], [ 6.7590337, 7.800974 ], [ 6.7588124, 7.8010348 ], [ 6.7589705, 7.8011941 ] ], [ [ 6.7595284, 7.7999925 ], [ 6.7596898, 7.8003037 ], [ 6.7597646, 7.7998932 ], [ 6.7595284, 7.7999925 ] ], [ [ 6.7537124, 7.8130579 ], [ 6.7540749, 7.8130599 ], [ 6.7542562, 7.8130608 ], [ 6.7542552, 7.8132416 ], [ 6.7546178, 7.8132435 ], [ 6.7546158, 7.8136051 ], [ 6.7547971, 7.813606 ], [ 6.7551596, 7.813608 ], [ 6.7551616, 7.8132464 ], [ 6.7551625, 7.8130656 ], [ 6.7551635, 7.8128849 ], [ 6.7549822, 7.8128839 ], [ 6.7549832, 7.8127031 ], [ 6.7548019, 7.8127022 ], [ 6.7546207, 7.8127012 ], [ 6.7546216, 7.8125204 ], [ 6.7544404, 7.8125195 ], [ 6.7542591, 7.8125185 ], [ 6.7541697, 7.8122865 ], [ 6.7540778, 7.8125175 ], [ 6.753524, 7.8122666 ], [ 6.7537143, 7.8126964 ], [ 6.7537134, 7.8128772 ], [ 6.7537124, 7.8130579 ], [ 6.7534911, 7.8131186 ], [ 6.7536492, 7.813278 ], [ 6.7537124, 7.8130579 ] ], [ [ 6.7531676, 7.8132358 ], [ 6.7532285, 7.8134566 ], [ 6.7533883, 7.8132989 ], [ 6.7531676, 7.8132358 ], [ 6.7531686, 7.813055 ], [ 6.7529873, 7.8130541 ], [ 6.7528979, 7.8128221 ], [ 6.7528061, 7.8130531 ], [ 6.7526248, 7.8130522 ], [ 6.7526238, 7.8132329 ], [ 6.7524426, 7.813232 ], [ 6.7524416, 7.8134127 ], [ 6.7524397, 7.8137743 ], [ 6.7526209, 7.8137752 ], [ 6.75262, 7.813956 ], [ 6.7528012, 7.813957 ], [ 6.7528621, 7.8141777 ], [ 6.7530219, 7.81402 ], [ 6.7528012, 7.813957 ], [ 6.7528022, 7.8137762 ], [ 6.7526209, 7.8137752 ], [ 6.7527426, 7.8135344 ], [ 6.7528051, 7.8132339 ], [ 6.7528061, 7.8130531 ], [ 6.7529873, 7.8130541 ], [ 6.7529864, 7.8132349 ], [ 6.7531676, 7.8132358 ] ], [ [ 6.7549145, 7.813866 ], [ 6.7553971, 7.8140226 ], [ 6.7555212, 7.8137907 ], [ 6.7549145, 7.813866 ] ], [ [ 6.7556701, 7.8124071 ], [ 6.7558282, 7.8125665 ], [ 6.7558915, 7.8123464 ], [ 6.7556701, 7.8124071 ] ], [ [ 6.7522652, 7.8125079 ], [ 6.7524865, 7.8124472 ], [ 6.7523284, 7.8122878 ], [ 6.7522652, 7.8125079 ], [ 6.7520438, 7.8125686 ], [ 6.7522019, 7.812728 ], [ 6.7522652, 7.8125079 ] ], [ [ 6.7525876, 7.8125715 ], [ 6.7527457, 7.8127309 ], [ 6.752809, 7.8125108 ], [ 6.7525876, 7.8125715 ] ], [ [ 6.766716, 7.814635 ], [ 6.7668741, 7.8147944 ], [ 6.7669373, 7.8145743 ], [ 6.766716, 7.814635 ] ], [ [ 6.7638538, 7.8149195 ], [ 6.7636325, 7.8149803 ], [ 6.7637906, 7.8151396 ], [ 6.7638538, 7.8149195 ] ], [ [ 6.7641763, 7.8149831 ], [ 6.7643344, 7.8151425 ], [ 6.7643976, 7.8149224 ], [ 6.7641763, 7.8149831 ] ], [ [ 6.7533392, 7.8150445 ], [ 6.7531179, 7.8151052 ], [ 6.753276, 7.8152646 ], [ 6.7533392, 7.8150445 ] ], [ [ 6.7533334, 7.8161291 ], [ 6.7531939, 7.8156815 ], [ 6.7526074, 7.8163061 ], [ 6.7524261, 7.8163051 ], [ 6.7524251, 7.8164859 ], [ 6.7524242, 7.8166666 ], [ 6.7524232, 7.8168474 ], [ 6.752006, 7.8169211 ], [ 6.752241, 7.8170272 ], [ 6.75224, 7.817208 ], [ 6.7523294, 7.81744 ], [ 6.7524213, 7.817209 ], [ 6.7526025, 7.8172099 ], [ 6.7527838, 7.8172109 ], [ 6.7527848, 7.8170301 ], [ 6.7529661, 7.8170311 ], [ 6.7531473, 7.817032 ], [ 6.7531483, 7.8168513 ], [ 6.7533809, 7.8167621 ], [ 6.7531493, 7.8166705 ], [ 6.7531502, 7.8164897 ], [ 6.7533315, 7.8164907 ], [ 6.7533334, 7.8161291 ] ], [ [ 6.7520635, 7.8161378 ], [ 6.7518852, 7.8157599 ], [ 6.7517265, 7.8158455 ], [ 6.7515089, 7.8163642 ], [ 6.7520635, 7.8161378 ] ], [ [ 6.7520578, 7.8173878 ], [ 6.7518364, 7.8174485 ], [ 6.7519945, 7.8176079 ], [ 6.7520578, 7.8173878 ] ], [ [ 6.7534679, 7.8174572 ], [ 6.753626, 7.8176166 ], [ 6.7536892, 7.8173965 ], [ 6.7534679, 7.8174572 ] ], [ [ 6.7539961, 7.8176522 ], [ 6.7543136, 7.8178101 ], [ 6.7544133, 7.8175811 ], [ 6.7539961, 7.8176522 ] ], [ [ 6.7529622, 7.8177542 ], [ 6.7525996, 7.8177522 ], [ 6.752367, 7.8178414 ], [ 6.7525987, 7.817933 ], [ 6.7529612, 7.8179349 ], [ 6.7531939, 7.8178458 ], [ 6.7529622, 7.8177542 ] ], [ [ 6.7553177, 7.8179475 ], [ 6.7550964, 7.8180082 ], [ 6.7552545, 7.8181676 ], [ 6.7553177, 7.8179475 ] ], [ [ 6.7570746, 7.8182381 ], [ 6.7572359, 7.8185493 ], [ 6.7573107, 7.8181389 ], [ 6.7570746, 7.8182381 ] ], [ [ 6.7511446, 7.8186484 ], [ 6.7513808, 7.8185491 ], [ 6.7512195, 7.818238 ], [ 6.7511446, 7.8186484 ], [ 6.7509233, 7.8187091 ], [ 6.7510814, 7.8188685 ], [ 6.7511446, 7.8186484 ] ], [ [ 6.7563633, 7.8183765 ], [ 6.7565214, 7.8185358 ], [ 6.7565847, 7.8183158 ], [ 6.7563633, 7.8183765 ] ], [ [ 6.7516846, 7.8193744 ], [ 6.7519059, 7.8193137 ], [ 6.7517478, 7.8191543 ], [ 6.7516846, 7.8193744 ], [ 6.7515033, 7.8193734 ], [ 6.7515023, 7.8195542 ], [ 6.7515014, 7.8197349 ], [ 6.7516826, 7.8197359 ], [ 6.7516192, 7.8202172 ], [ 6.7514975, 7.820458 ], [ 6.7512649, 7.8205472 ], [ 6.7514965, 7.8206388 ], [ 6.7520832, 7.8202395 ], [ 6.7517895, 7.8198103 ], [ 6.7516826, 7.8197359 ], [ 6.7516836, 7.8195551 ], [ 6.7516846, 7.8193744 ] ], [ [ 6.7502296, 7.8202705 ], [ 6.7500082, 7.8203312 ], [ 6.7501663, 7.8204906 ], [ 6.7502296, 7.8202705 ] ], [ [ 6.7476899, 7.8206185 ], [ 6.7474685, 7.8206792 ], [ 6.7476266, 7.8208386 ], [ 6.7476899, 7.8206185 ] ], [ [ 6.7494371, 7.8208611 ], [ 6.7497759, 7.821033 ], [ 6.7498651, 7.8206301 ], [ 6.7494371, 7.8208611 ] ], [ [ 6.7505482, 7.8210572 ], [ 6.7507063, 7.8212166 ], [ 6.7507695, 7.8209965 ], [ 6.7505482, 7.8210572 ] ], [ [ 6.755079, 7.8212621 ], [ 6.7552371, 7.8214215 ], [ 6.7553003, 7.8212014 ], [ 6.755079, 7.8212621 ] ], [ [ 6.7520345, 7.8217263 ], [ 6.7522559, 7.8216656 ], [ 6.7520978, 7.8215063 ], [ 6.7520345, 7.8217263 ], [ 6.7518132, 7.821787 ], [ 6.7519713, 7.8219464 ], [ 6.7520345, 7.8217263 ] ], [ [ 6.7527557, 7.8224533 ], [ 6.7525344, 7.822514 ], [ 6.7526925, 7.8226734 ], [ 6.7527557, 7.8224533 ] ], [ [ 6.752897, 7.8225159 ], [ 6.7530551, 7.8226753 ], [ 6.7531183, 7.8224552 ], [ 6.752897, 7.8225159 ] ], [ [ 6.7527538, 7.8228148 ], [ 6.7523366, 7.8228859 ], [ 6.7526541, 7.8230438 ], [ 6.7527538, 7.8228148 ] ], [ [ 6.7532193, 7.8236143 ], [ 6.7530056, 7.8234655 ], [ 6.7527573, 7.8231026 ], [ 6.752463, 7.8232487 ], [ 6.7523884, 7.8233552 ], [ 6.7521557, 7.8234444 ], [ 6.7523874, 7.823536 ], [ 6.7523864, 7.8237168 ], [ 6.7525677, 7.8237177 ], [ 6.7526571, 7.8239497 ], [ 6.752749, 7.8237187 ], [ 6.753366, 7.8238733 ], [ 6.7532193, 7.8236143 ] ], [ [ 6.7520268, 7.8231725 ], [ 6.7516095, 7.8232436 ], [ 6.7519271, 7.8234015 ], [ 6.7520268, 7.8231725 ] ], [ [ 6.7511195, 7.8233485 ], [ 6.7508981, 7.8234092 ], [ 6.7510562, 7.8235685 ], [ 6.7511195, 7.8233485 ] ], [ [ 6.7529283, 7.8240812 ], [ 6.752707, 7.8241419 ], [ 6.7528651, 7.8243013 ], [ 6.7529283, 7.8240812 ] ], [ [ 6.748507, 7.803449 ], [ 6.7482856, 7.8035097 ], [ 6.7484437, 7.8036691 ], [ 6.748507, 7.803449 ] ], [ [ 6.7445386, 7.7998123 ], [ 6.7443025, 7.7999116 ], [ 6.7444638, 7.8002228 ], [ 6.7445386, 7.7998123 ] ], [ [ 6.7441625, 7.8023412 ], [ 6.7437452, 7.8024123 ], [ 6.7440628, 7.8025702 ], [ 6.7441625, 7.8023412 ] ], [ [ 6.7441576, 7.8032451 ], [ 6.7439363, 7.8033058 ], [ 6.7440944, 7.8034651 ], [ 6.7441576, 7.8032451 ] ], [ [ 6.7430681, 7.8036008 ], [ 6.7428468, 7.8036615 ], [ 6.7430049, 7.8038209 ], [ 6.7430681, 7.8036008 ] ], [ [ 6.740198, 7.7979814 ], [ 6.7399767, 7.7980421 ], [ 6.7401348, 7.7982015 ], [ 6.740198, 7.7979814 ] ], [ [ 6.7395541, 7.7987966 ], [ 6.7394691, 7.7987006 ], [ 6.739201, 7.7989369 ], [ 6.7398852, 7.7990948 ], [ 6.7395541, 7.7987966 ] ], [ [ 6.7401275, 7.7991572 ], [ 6.7403258, 7.7994793 ], [ 6.7405547, 7.799068 ], [ 6.7401275, 7.7991572 ] ], [ [ 6.7344065, 7.7963235 ], [ 6.7341704, 7.7964228 ], [ 6.7343317, 7.7967339 ], [ 6.7344065, 7.7963235 ], [ 6.7346278, 7.7962628 ], [ 6.7344697, 7.7961034 ], [ 6.7344065, 7.7963235 ] ], [ [ 6.7350673, 7.7967282 ], [ 6.7351306, 7.7965081 ], [ 6.7349092, 7.7965688 ], [ 6.7350673, 7.7967282 ] ], [ [ 6.734768, 7.7965062 ], [ 6.7345467, 7.7965669 ], [ 6.7347048, 7.7967263 ], [ 6.734768, 7.7965062 ] ], [ [ 6.7361628, 7.7961813 ], [ 6.736222, 7.7957909 ], [ 6.7358195, 7.7958472 ], [ 6.7361628, 7.7961813 ] ], [ [ 6.7356782, 7.795788 ], [ 6.735261, 7.795859 ], [ 6.7355785, 7.796017 ], [ 6.7356782, 7.795788 ] ], [ [ 6.736031, 7.7975976 ], [ 6.7358097, 7.7976583 ], [ 6.7359678, 7.7978177 ], [ 6.736031, 7.7975976 ] ], [ [ 6.7353254, 7.7939783 ], [ 6.7351495, 7.7944177 ], [ 6.7355789, 7.7941756 ], [ 6.7353254, 7.7939783 ], [ 6.7352646, 7.7937576 ], [ 6.7351048, 7.7939152 ], [ 6.7353254, 7.7939783 ] ], [ [ 6.7390433, 7.7957842 ], [ 6.7392486, 7.7959469 ], [ 6.7400778, 7.7953157 ], [ 6.7403958, 7.7949093 ], [ 6.7400796, 7.7949953 ], [ 6.7390433, 7.7957842 ] ], [ [ 6.742359, 7.7905009 ], [ 6.7425203, 7.790812 ], [ 6.7425951, 7.7904016 ], [ 6.742359, 7.7905009 ] ], [ [ 6.7565426, 7.7581163 ], [ 6.7563213, 7.758177 ], [ 6.7564794, 7.7583364 ], [ 6.7565426, 7.7581163 ], [ 6.7567639, 7.7580556 ], [ 6.7566058, 7.7578963 ], [ 6.7565426, 7.7581163 ] ], [ [ 6.7469139, 7.7548733 ], [ 6.747072, 7.7550327 ], [ 6.7471352, 7.7548126 ], [ 6.7469139, 7.7548733 ] ], [ [ 6.7491495, 7.7498441 ], [ 6.7495212, 7.7492211 ], [ 6.7488896, 7.7493379 ], [ 6.7491495, 7.7498441 ] ], [ [ 6.7938441, 7.8243793 ], [ 6.7934202, 7.8242186 ], [ 6.793529, 7.8237462 ], [ 6.793177, 7.823209 ], [ 6.7927819, 7.8233079 ], [ 6.7926513, 7.8238747 ], [ 6.7932482, 7.8237445 ], [ 6.7928418, 7.8243251 ], [ 6.7921883, 7.8247699 ], [ 6.7923628, 7.8254067 ], [ 6.7928215, 7.8255117 ], [ 6.7938441, 7.8243793 ] ], [ [ 6.7917258, 7.8233822 ], [ 6.7913739, 7.8234703 ], [ 6.7912243, 7.8241199 ], [ 6.7915575, 7.8254438 ], [ 6.7920062, 7.8249369 ], [ 6.7921573, 7.8243622 ], [ 6.7925244, 7.8235033 ], [ 6.7919798, 7.8236381 ], [ 6.7918034, 7.8238901 ], [ 6.7917258, 7.8233822 ] ], [ [ 6.7938271, 7.8247547 ], [ 6.7935249, 7.8252122 ], [ 6.7939788, 7.8258751 ], [ 6.7941447, 7.8256381 ], [ 6.7944787, 7.8254107 ], [ 6.7945752, 7.8249916 ], [ 6.7944383, 7.8246619 ], [ 6.7938271, 7.8247547 ] ], [ [ 6.7946548, 7.8276459 ], [ 6.7944231, 7.8275543 ], [ 6.7941905, 7.8276435 ], [ 6.7944222, 7.8277351 ], [ 6.7946548, 7.8276459 ] ], [ [ 6.7776112, 7.8186078 ], [ 6.777194, 7.8186789 ], [ 6.7775115, 7.8188368 ], [ 6.7776112, 7.8186078 ] ] ], [ [ [ 6.7582814, 7.8400182 ], [ 6.7581001, 7.8400172 ], [ 6.757867, 7.8394554 ], [ 6.7582181, 7.8392165 ], [ 6.7581758, 7.8390233 ], [ 6.7582421, 7.8387353 ], [ 6.7580001, 7.8377735 ], [ 6.7575376, 7.8384244 ], [ 6.7577453, 7.8385691 ], [ 6.7577443, 7.8387499 ], [ 6.7575603, 7.8391079 ], [ 6.757272, 7.8389656 ], [ 6.757137, 7.8392283 ], [ 6.7568722, 7.8393601 ], [ 6.7570726, 7.8397749 ], [ 6.75679, 7.8401855 ], [ 6.7567259, 7.8401854 ], [ 6.7565906, 7.8397084 ], [ 6.7564705, 7.839647 ], [ 6.7564715, 7.8394662 ], [ 6.7562902, 7.8394652 ], [ 6.7562912, 7.8392845 ], [ 6.7561099, 7.8392835 ], [ 6.7561109, 7.8391027 ], [ 6.7561118, 7.838922 ], [ 6.7561148, 7.8383796 ], [ 6.756296, 7.8383806 ], [ 6.756297, 7.8381998 ], [ 6.7564783, 7.8382008 ], [ 6.7570221, 7.8382037 ], [ 6.7572034, 7.8382047 ], [ 6.7572082, 7.8373008 ], [ 6.757027, 7.8372998 ], [ 6.756886, 7.8370183 ], [ 6.7564851, 7.8369354 ], [ 6.756487, 7.8365738 ], [ 6.7563057, 7.8365729 ], [ 6.7561244, 7.8365719 ], [ 6.7558653, 7.8363702 ], [ 6.7563594, 7.8362529 ], [ 6.7570299, 7.8367575 ], [ 6.7570907, 7.8369782 ], [ 6.7572505, 7.8368206 ], [ 6.7570299, 7.8367575 ], [ 6.7572075, 7.8365038 ], [ 6.7575002, 7.8366531 ], [ 6.7577206, 7.8369751 ], [ 6.7582969, 7.8371258 ], [ 6.7584378, 7.8374073 ], [ 6.7588388, 7.8374903 ], [ 6.7589544, 7.8376592 ], [ 6.7597879, 7.8379752 ], [ 6.7595901, 7.8388335 ], [ 6.7598596, 7.8386795 ], [ 6.7603086, 7.8379998 ], [ 6.7599925, 7.8377797 ], [ 6.7600528, 7.8375183 ], [ 6.7594366, 7.8376526 ], [ 6.7595133, 7.8373197 ], [ 6.7593111, 7.8370243 ], [ 6.7590974, 7.8368755 ], [ 6.7590259, 7.8364066 ], [ 6.759749, 7.836772 ], [ 6.7598099, 7.8369927 ], [ 6.7599697, 7.836835 ], [ 6.759749, 7.836772 ], [ 6.7599979, 7.8362371 ], [ 6.7594724, 7.836414 ], [ 6.7593903, 7.836047 ], [ 6.7599971, 7.8359716 ], [ 6.7595144, 7.8358151 ], [ 6.7593903, 7.836047 ], [ 6.758927, 7.8357381 ], [ 6.7588465, 7.8360441 ], [ 6.7586652, 7.8360431 ], [ 6.7586643, 7.8362239 ], [ 6.7579533, 7.8363365 ], [ 6.7576807, 7.8358766 ], [ 6.7579421, 7.8356777 ], [ 6.7580029, 7.8358984 ], [ 6.7581627, 7.8357408 ], [ 6.7579421, 7.8356777 ], [ 6.75807, 7.8346993 ], [ 6.7578056, 7.8346651 ], [ 6.7570023, 7.8351302 ], [ 6.7567782, 7.834848 ], [ 6.7565755, 7.8346843 ], [ 6.7566439, 7.8341587 ], [ 6.7564003, 7.8339621 ], [ 6.7563212, 7.8336805 ], [ 6.7569618, 7.833789 ], [ 6.7573071, 7.8335837 ], [ 6.7575911, 7.8335065 ], [ 6.7581349, 7.8335094 ], [ 6.7581359, 7.8333286 ], [ 6.7584975, 7.8335113 ], [ 6.7584965, 7.8336921 ], [ 6.7586778, 7.8336931 ], [ 6.7586768, 7.8338738 ], [ 6.7586759, 7.8340546 ], [ 6.7584397, 7.8341539 ], [ 6.7586011, 7.834465 ], [ 6.7586759, 7.8340546 ], [ 6.7588572, 7.8340556 ], [ 6.7588581, 7.8338748 ], [ 6.7589755, 7.8334089 ], [ 6.7586797, 7.8333315 ], [ 6.7586807, 7.8331507 ], [ 6.7584994, 7.8331498 ], [ 6.7581981, 7.8330874 ], [ 6.7579566, 7.8329661 ], [ 6.7578672, 7.8327341 ], [ 6.7577753, 7.8329651 ], [ 6.757594, 7.8329642 ], [ 6.757595, 7.8327834 ], [ 6.7572324, 7.8327815 ], [ 6.7572334, 7.8326007 ], [ 6.7568708, 7.8325988 ], [ 6.7563491, 7.8329386 ], [ 6.7559635, 7.8327747 ], [ 6.7557822, 7.8327738 ], [ 6.7557851, 7.8322314 ], [ 6.7559664, 7.8322324 ], [ 6.7559674, 7.8320516 ], [ 6.7561486, 7.8320526 ], [ 6.7564478, 7.8324896 ], [ 6.7566734, 7.8320551 ], [ 6.7561506, 7.831691 ], [ 6.7561515, 7.8315103 ], [ 6.7561525, 7.8313295 ], [ 6.7559712, 7.8313285 ], [ 6.7558507, 7.8310878 ], [ 6.7556106, 7.8309651 ], [ 6.7555513, 7.8306639 ], [ 6.7554323, 7.8304218 ], [ 6.7554332, 7.830241 ], [ 6.7556145, 7.830242 ], [ 6.7557958, 7.8302429 ], [ 6.7558566, 7.8304637 ], [ 6.7560165, 7.830306 ], [ 6.7557958, 7.8302429 ], [ 6.7556638, 7.8297973 ], [ 6.7554342, 7.8300602 ], [ 6.7552529, 7.8300593 ], [ 6.7552549, 7.8296977 ], [ 6.7556174, 7.8296996 ], [ 6.7556184, 7.8295189 ], [ 6.7558397, 7.8294582 ], [ 6.7556816, 7.8292988 ], [ 6.7556184, 7.8295189 ], [ 6.7550745, 7.829516 ], [ 6.7550716, 7.8300583 ], [ 6.7552529, 7.8300593 ], [ 6.7552519, 7.83024 ], [ 6.755251, 7.8304208 ], [ 6.7553299, 7.8308215 ], [ 6.7556106, 7.8309651 ], [ 6.7556087, 7.8313266 ], [ 6.75579, 7.8313276 ], [ 6.755789, 7.8315083 ], [ 6.7559703, 7.8315093 ], [ 6.7559693, 7.8316901 ], [ 6.7561506, 7.831691 ], [ 6.7561496, 7.8318718 ], [ 6.7559683, 7.8318709 ], [ 6.7559674, 7.8320516 ], [ 6.7557861, 7.8320507 ], [ 6.7557851, 7.8322314 ], [ 6.7556038, 7.8322305 ], [ 6.7556009, 7.8327728 ], [ 6.7557822, 7.8327738 ], [ 6.7557813, 7.8329545 ], [ 6.7559625, 7.8329555 ], [ 6.7559606, 7.833317 ], [ 6.7561419, 7.833318 ], [ 6.7561409, 7.8334988 ], [ 6.7555971, 7.8334959 ], [ 6.755599, 7.8331343 ], [ 6.7552365, 7.8331324 ], [ 6.7554639, 7.8326821 ], [ 6.754938, 7.8325277 ], [ 6.7548778, 7.8324074 ], [ 6.7551104, 7.8323182 ], [ 6.7548787, 7.8322266 ], [ 6.7546975, 7.8322256 ], [ 6.7546994, 7.8318641 ], [ 6.75461, 7.8316321 ], [ 6.7545181, 7.8318631 ], [ 6.7545172, 7.8320439 ], [ 6.7542845, 7.8321331 ], [ 6.7545162, 7.8322247 ], [ 6.7543316, 7.8325838 ], [ 6.7539695, 7.8327641 ], [ 6.7539704, 7.8325833 ], [ 6.7539714, 7.8324025 ], [ 6.7537901, 7.8324016 ], [ 6.7537007, 7.8321696 ], [ 6.7536088, 7.8324006 ], [ 6.7534276, 7.8323997 ], [ 6.753538, 7.8320124 ], [ 6.754078, 7.8316013 ], [ 6.754237, 7.831398 ], [ 6.7544577, 7.8312301 ], [ 6.7542238, 7.8310481 ], [ 6.7545588, 7.830793 ], [ 6.7546668, 7.8300904 ], [ 6.7540838, 7.8305166 ], [ 6.7531523, 7.8308499 ], [ 6.7529933, 7.8310531 ], [ 6.7526851, 7.8312878 ], [ 6.7524285, 7.8316156 ], [ 6.7513369, 7.8317705 ], [ 6.7510672, 7.8314182 ], [ 6.7508045, 7.831378 ], [ 6.7504533, 7.8314279 ], [ 6.7506726, 7.8311111 ], [ 6.7511146, 7.8307747 ], [ 6.7511925, 7.8302675 ], [ 6.7502803, 7.8298895 ], [ 6.75044, 7.82957 ], [ 6.7506454, 7.8294136 ], [ 6.7507269, 7.8289505 ], [ 6.7513549, 7.8285974 ], [ 6.7510088, 7.8283094 ], [ 6.7504665, 7.8283616 ], [ 6.7508158, 7.8279467 ], [ 6.7512129, 7.8279892 ], [ 6.752102, 7.8276103 ], [ 6.7525391, 7.8270912 ], [ 6.7524223, 7.8281768 ], [ 6.7529903, 7.8278564 ], [ 6.7527934, 7.8282123 ], [ 6.7522778, 7.8286347 ], [ 6.7529029, 7.8289258 ], [ 6.7531691, 7.8283224 ], [ 6.7538724, 7.8273588 ], [ 6.7542498, 7.8265037 ], [ 6.7545481, 7.8262592 ], [ 6.7544667, 7.8267223 ], [ 6.7541127, 7.8276065 ], [ 6.7536962, 7.8281605 ], [ 6.7542768, 7.828325 ], [ 6.7543553, 7.8284275 ], [ 6.754174, 7.8284265 ], [ 6.754173, 7.8286073 ], [ 6.753377, 7.8288238 ], [ 6.7533005, 7.8293211 ], [ 6.7535775, 7.8296829 ], [ 6.7540467, 7.8293257 ], [ 6.754173, 7.8286073 ], [ 6.7543543, 7.8286083 ], [ 6.7543553, 7.8284275 ], [ 6.754476, 7.8283674 ], [ 6.754722, 7.8278888 ], [ 6.7550823, 7.8280698 ], [ 6.7549311, 7.8286444 ], [ 6.7547139, 7.8291525 ], [ 6.7544926, 7.8292132 ], [ 6.7546507, 7.8293726 ], [ 6.7547139, 7.8291525 ], [ 6.7550159, 7.8290934 ], [ 6.7552005, 7.8287342 ], [ 6.7555626, 7.828554 ], [ 6.7556242, 7.8284342 ], [ 6.7558656, 7.8283141 ], [ 6.7559887, 7.8280746 ], [ 6.7560938, 7.8281507 ], [ 6.7563489, 7.8285095 ], [ 6.7565315, 7.8282583 ], [ 6.7567469, 7.8283684 ], [ 6.7565286, 7.8288006 ], [ 6.7561766, 7.8288887 ], [ 6.7560019, 7.829647 ], [ 6.7562532, 7.8295922 ], [ 6.7567051, 7.8297054 ], [ 6.7566353, 7.8298169 ], [ 6.7561446, 7.8299808 ], [ 6.756797, 7.8301872 ], [ 6.7570657, 7.8300689 ], [ 6.7570647, 7.8302497 ], [ 6.757246, 7.8302507 ], [ 6.757244, 7.8306122 ], [ 6.7570628, 7.8306112 ], [ 6.7570618, 7.830792 ], [ 6.7570608, 7.8309728 ], [ 6.7566288, 7.831314 ], [ 6.7568767, 7.8315141 ], [ 6.7570579, 7.8315151 ], [ 6.7571473, 7.8317471 ], [ 6.7572392, 7.8315161 ], [ 6.7574205, 7.831517 ], [ 6.7574195, 7.8316978 ], [ 6.7576008, 7.8316988 ], [ 6.7575998, 7.8318795 ], [ 6.7574185, 7.8318786 ], [ 6.7574176, 7.8320593 ], [ 6.757055, 7.8320574 ], [ 6.7569941, 7.8318367 ], [ 6.7568343, 7.8319944 ], [ 6.757055, 7.8320574 ], [ 6.7570541, 7.8322382 ], [ 6.7574166, 7.8322401 ], [ 6.7575979, 7.8322411 ], [ 6.7575969, 7.8324219 ], [ 6.7577782, 7.8324228 ], [ 6.7586846, 7.8324276 ], [ 6.7586836, 7.8326084 ], [ 6.7588649, 7.8326094 ], [ 6.7588639, 7.8327902 ], [ 6.7590452, 7.8327911 ], [ 6.7590442, 7.8329719 ], [ 6.7592255, 7.8329729 ], [ 6.7592245, 7.8331536 ], [ 6.7594058, 7.8331546 ], [ 6.7594049, 7.8333354 ], [ 6.7597674, 7.8333373 ], [ 6.7597664, 7.8335181 ], [ 6.7604915, 7.8335219 ], [ 6.7606728, 7.8335229 ], [ 6.7606719, 7.8337037 ], [ 6.7608531, 7.8337046 ], [ 6.7608522, 7.8338854 ], [ 6.7610809, 7.8343068 ], [ 6.7612138, 7.8340681 ], [ 6.7614552, 7.8339479 ], [ 6.7615782, 7.8337085 ], [ 6.7617996, 7.8336478 ], [ 6.7616415, 7.8334884 ], [ 6.7615782, 7.8337085 ], [ 6.761397, 7.8337075 ], [ 6.7613979, 7.8335267 ], [ 6.7613999, 7.8331652 ], [ 6.7612186, 7.8331642 ], [ 6.7612196, 7.8329835 ], [ 6.760857, 7.8329815 ], [ 6.7606757, 7.8329806 ], [ 6.7607209, 7.8328444 ], [ 6.7612561, 7.832743 ], [ 6.7610136, 7.8325076 ], [ 6.7612225, 7.8324411 ], [ 6.7614037, 7.8324421 ], [ 6.7614028, 7.8326229 ], [ 6.761584, 7.8326238 ], [ 6.7617653, 7.8326248 ], [ 6.7617644, 7.8328056 ], [ 6.7621269, 7.8328075 ], [ 6.7621259, 7.8329883 ], [ 6.7623072, 7.8329892 ], [ 6.7623053, 7.8333508 ], [ 6.7624866, 7.8333517 ], [ 6.7626665, 7.8336049 ], [ 6.7628491, 7.8333537 ], [ 6.7632117, 7.8333556 ], [ 6.763391, 7.8337181 ], [ 6.7631371, 7.8338975 ], [ 6.7633891, 7.8340797 ], [ 6.7635704, 7.8340806 ], [ 6.7637516, 7.8340816 ], [ 6.7637526, 7.8339008 ], [ 6.7639339, 7.8339018 ], [ 6.763932, 7.8342633 ], [ 6.7641132, 7.8342643 ], [ 6.7641113, 7.8346258 ], [ 6.7644739, 7.8346277 ], [ 6.764912, 7.8343423 ], [ 6.7653822, 7.834271 ], [ 6.7657447, 7.8342729 ], [ 6.765926, 7.8342739 ], [ 6.7662886, 7.8342758 ], [ 6.7662876, 7.8344566 ], [ 6.7664689, 7.8344575 ], [ 6.7666647, 7.8352358 ], [ 6.7672434, 7.8353683 ], [ 6.7673714, 7.8351855 ], [ 6.7675527, 7.8351864 ], [ 6.767734, 7.8351874 ], [ 6.7679153, 7.8351883 ], [ 6.7679162, 7.8350076 ], [ 6.7685567, 7.8354545 ], [ 6.7688225, 7.835777 ], [ 6.7682469, 7.8365376 ], [ 6.7675469, 7.8362711 ], [ 6.7674771, 7.8356946 ], [ 6.7671844, 7.8362691 ], [ 6.7670031, 7.8362682 ], [ 6.7668218, 7.8362672 ], [ 6.7666405, 7.8362663 ], [ 6.7667894, 7.8359716 ], [ 6.7664612, 7.8359037 ], [ 6.7664621, 7.835723 ], [ 6.7664631, 7.8355422 ], [ 6.7666992, 7.8354385 ], [ 6.7662828, 7.8353605 ], [ 6.7660414, 7.8354806 ], [ 6.7659183, 7.8357201 ], [ 6.7655548, 7.8358989 ], [ 6.7653749, 7.8356458 ], [ 6.7651922, 7.835897 ], [ 6.7651913, 7.8360778 ], [ 6.7653712, 7.836331 ], [ 6.7655538, 7.8360797 ], [ 6.7660977, 7.8360826 ], [ 6.7662789, 7.8360836 ], [ 6.7662799, 7.8359028 ], [ 6.7664612, 7.8359037 ], [ 6.7664593, 7.8362653 ], [ 6.7666405, 7.8362663 ], [ 6.7666396, 7.836447 ], [ 6.7664583, 7.8364461 ], [ 6.7664573, 7.8366268 ], [ 6.766276, 7.8366259 ], [ 6.7659135, 7.836624 ], [ 6.7657322, 7.836623 ], [ 6.7653696, 7.8366211 ], [ 6.7646445, 7.8366172 ], [ 6.7644633, 7.8366163 ], [ 6.7643431, 7.8364194 ], [ 6.7640034, 7.8363119 ], [ 6.7636694, 7.8365431 ], [ 6.7630041, 7.8367653 ], [ 6.7627153, 7.837399 ], [ 6.7626427, 7.8380528 ], [ 6.7618313, 7.8381994 ], [ 6.7620299, 7.8392125 ], [ 6.7623633, 7.8384982 ], [ 6.7625557, 7.8383286 ], [ 6.7626427, 7.8380528 ], [ 6.7627553, 7.8379845 ], [ 6.7629914, 7.8373053 ], [ 6.7638259, 7.8370365 ], [ 6.7640803, 7.837117 ], [ 6.7643507, 7.8366846 ], [ 6.7644633, 7.8366163 ], [ 6.7644623, 7.836797 ], [ 6.7646436, 7.836798 ], [ 6.7646426, 7.8369788 ], [ 6.764732, 7.8372108 ], [ 6.7648239, 7.8369797 ], [ 6.7650052, 7.8369807 ], [ 6.7650869, 7.8377736 ], [ 6.7653658, 7.8373442 ], [ 6.7655471, 7.8373451 ], [ 6.765548, 7.8371644 ], [ 6.7657293, 7.8371653 ], [ 6.7657274, 7.8375269 ], [ 6.7656658, 7.8376466 ], [ 6.7653023, 7.8378276 ], [ 6.7654393, 7.8380309 ], [ 6.7658462, 7.8378283 ], [ 6.7659087, 7.8375278 ], [ 6.7662712, 7.8375297 ], [ 6.7661538, 7.8379957 ], [ 6.7664496, 7.838073 ], [ 6.7666309, 7.838074 ], [ 6.7666299, 7.8382548 ], [ 6.7671738, 7.8382577 ], [ 6.767355, 7.8382586 ], [ 6.7673541, 7.8384394 ], [ 6.7673531, 7.8386202 ], [ 6.7664467, 7.8386154 ], [ 6.7664458, 7.8387961 ], [ 6.7662131, 7.8388853 ], [ 6.7664448, 7.8389769 ], [ 6.7664438, 7.8391577 ], [ 6.7663303, 7.8396083 ], [ 6.7663728, 7.8398021 ], [ 6.7661511, 7.8399531 ], [ 6.7660845, 7.8402062 ], [ 6.764377, 7.8402024 ], [ 6.7644497, 7.8391471 ], [ 6.7641918, 7.8393294 ], [ 6.7643183, 7.8402023 ], [ 6.7614928, 7.840196 ], [ 6.7612839, 7.8393498 ], [ 6.7611102, 7.8395978 ], [ 6.7608949, 7.8397444 ], [ 6.7607765, 7.8401944 ], [ 6.7605368, 7.8401939 ], [ 6.7604241, 7.8399689 ], [ 6.7602085, 7.8401932 ], [ 6.7582805, 7.8401889 ], [ 6.7582814, 7.8400182 ], [ 6.7585027, 7.8399575 ], [ 6.7583446, 7.8397981 ], [ 6.7582814, 7.8400182 ] ], [ [ 6.7590113, 7.8391182 ], [ 6.7589335, 7.8392214 ], [ 6.7587207, 7.8393775 ], [ 6.7587526, 7.8395688 ], [ 6.7586906, 7.8399167 ], [ 6.7594395, 7.8394393 ], [ 6.7590113, 7.8391182 ], [ 6.7589505, 7.8388974 ], [ 6.7587907, 7.8390551 ], [ 6.7590113, 7.8391182 ] ], [ [ 6.7582843, 7.8394759 ], [ 6.7580629, 7.8395366 ], [ 6.7582211, 7.8396959 ], [ 6.7582843, 7.8394759 ] ], [ [ 6.7632623, 7.8393703 ], [ 6.7633621, 7.8391413 ], [ 6.7629448, 7.8392124 ], [ 6.7632623, 7.8393703 ] ], [ [ 6.7607264, 7.8389953 ], [ 6.7608261, 7.8387663 ], [ 6.7604088, 7.8388373 ], [ 6.7607264, 7.8389953 ] ], [ [ 6.7584714, 7.8383922 ], [ 6.7585546, 7.8388149 ], [ 6.7590747, 7.838659 ], [ 6.7589312, 7.8379761 ], [ 6.7587648, 7.8385396 ], [ 6.7584714, 7.8383922 ], [ 6.7584105, 7.8381715 ], [ 6.7582507, 7.8383291 ], [ 6.7584714, 7.8383922 ] ], [ [ 6.758294, 7.8376681 ], [ 6.7583548, 7.8378889 ], [ 6.7585147, 7.8377312 ], [ 6.758294, 7.8376681 ], [ 6.7582331, 7.8374474 ], [ 6.7580733, 7.8376051 ], [ 6.758294, 7.8376681 ] ], [ [ 6.7579333, 7.8373047 ], [ 6.757712, 7.8373654 ], [ 6.7578701, 7.8375247 ], [ 6.7579333, 7.8373047 ] ], [ [ 6.7604254, 7.8384645 ], [ 6.7605835, 7.8386238 ], [ 6.7606467, 7.8384038 ], [ 6.7604254, 7.8384645 ] ], [ [ 6.762242, 7.837751 ], [ 6.7624002, 7.8379104 ], [ 6.7624634, 7.8376903 ], [ 6.762242, 7.837751 ] ], [ [ 6.7596924, 7.8372065 ], [ 6.7600099, 7.8373645 ], [ 6.7601097, 7.8371355 ], [ 6.7596924, 7.8372065 ] ], [ [ 6.7620637, 7.8372077 ], [ 6.7622218, 7.8373671 ], [ 6.762285, 7.837147 ], [ 6.7620637, 7.8372077 ] ], [ [ 6.7607522, 7.8366538 ], [ 6.7608406, 7.8360547 ], [ 6.76041, 7.8361504 ], [ 6.7607522, 7.8366538 ] ], [ [ 6.7612031, 7.8360566 ], [ 6.7609818, 7.8361173 ], [ 6.7611399, 7.8362767 ], [ 6.7612031, 7.8360566 ], [ 6.7614358, 7.8359675 ], [ 6.7612041, 7.8358758 ], [ 6.7611432, 7.8356551 ], [ 6.7609834, 7.8358128 ], [ 6.7612041, 7.8358758 ], [ 6.7612031, 7.8360566 ] ], [ [ 6.7625996, 7.8359565 ], [ 6.7629172, 7.8361145 ], [ 6.7630169, 7.8358855 ], [ 6.7625996, 7.8359565 ] ], [ [ 6.7635607, 7.8358884 ], [ 6.763742, 7.8358893 ], [ 6.7640485, 7.8360168 ], [ 6.7649064, 7.8356921 ], [ 6.7645562, 7.8354117 ], [ 6.7642864, 7.8357829 ], [ 6.7641065, 7.8355297 ], [ 6.764356, 7.835384 ], [ 6.7641743, 7.8349356 ], [ 6.7639262, 7.835348 ], [ 6.7639252, 7.8355287 ], [ 6.7637439, 7.8355278 ], [ 6.7637459, 7.8351662 ], [ 6.7635646, 7.8351653 ], [ 6.7633319, 7.8352544 ], [ 6.7635636, 7.835346 ], [ 6.7635626, 7.8355268 ], [ 6.7635617, 7.8357076 ], [ 6.7635607, 7.8358884 ] ], [ [ 6.7625244, 7.8357925 ], [ 6.7622927, 7.8357008 ], [ 6.7620601, 7.83579 ], [ 6.7622918, 7.8358816 ], [ 6.7625244, 7.8357925 ] ], [ [ 6.7586672, 7.8356816 ], [ 6.7584458, 7.8357423 ], [ 6.7586039, 7.8359016 ], [ 6.7586672, 7.8356816 ] ], [ [ 6.7636855, 7.834844 ], [ 6.7637488, 7.8346239 ], [ 6.7635274, 7.8346846 ], [ 6.7636855, 7.834844 ] ], [ [ 6.7624798, 7.8346172 ], [ 6.7622585, 7.8346779 ], [ 6.7624166, 7.8348372 ], [ 6.7624798, 7.8346172 ] ], [ [ 6.7583114, 7.8344142 ], [ 6.75809, 7.8344749 ], [ 6.7582482, 7.8346343 ], [ 6.7583114, 7.8344142 ] ], [ [ 6.758252, 7.8339112 ], [ 6.7583153, 7.8336911 ], [ 6.7580939, 7.8337518 ], [ 6.758252, 7.8339112 ] ], [ [ 6.7509043, 7.8296745 ], [ 6.750487, 7.8297456 ], [ 6.7508045, 7.8299035 ], [ 6.7509043, 7.8296745 ] ], [ [ 6.7524986, 7.8292026 ], [ 6.7526567, 7.829362 ], [ 6.7527199, 7.8291419 ], [ 6.7524986, 7.8292026 ] ], [ [ 6.7516342, 7.8287745 ], [ 6.7517338, 7.82901 ], [ 6.7520458, 7.8288491 ], [ 6.7516342, 7.8287745 ], [ 6.7515733, 7.8285538 ], [ 6.7514135, 7.8287115 ], [ 6.7516342, 7.8287745 ] ], [ [ 6.7518398, 7.8284876 ], [ 6.7520016, 7.8278726 ], [ 6.7515634, 7.8281709 ], [ 6.7518398, 7.8284876 ] ], [ [ 6.7652948, 7.8390104 ], [ 6.7653581, 7.8387904 ], [ 6.7651367, 7.8388511 ], [ 6.7652948, 7.8390104 ] ], [ [ 6.7659029, 7.8386125 ], [ 6.7654856, 7.8386835 ], [ 6.7658032, 7.8388415 ], [ 6.7659029, 7.8386125 ], [ 6.7665216, 7.8384576 ], [ 6.7662065, 7.8381789 ], [ 6.7659029, 7.8386125 ] ], [ [ 6.7631827, 7.8387788 ], [ 6.7634189, 7.8386795 ], [ 6.7632575, 7.8383684 ], [ 6.7631827, 7.8387788 ], [ 6.7629614, 7.8388395 ], [ 6.7631195, 7.8389989 ], [ 6.7631827, 7.8387788 ] ], [ [ 6.7633287, 7.8379376 ], [ 6.7634869, 7.8380969 ], [ 6.7635501, 7.8378769 ], [ 6.7633287, 7.8379376 ] ] ] ] } }
]
}
